embryo_id,bf_f_infocus,if_zsum,Score_str,Uniformly_sampled_timepoint,cv0_split0,cv0_split1,cv0_split2,cv0_split3,cv0_split4,cv1_split0,cv1_split1,cv1_split2,cv1_split3,cv1_split4,cv2_split0,cv2_split1,cv2_split2,cv2_split3,cv2_split4,cv3_split0,cv3_split1,cv3_split2,cv3_split3,cv3_split4,cv4_split0,cv4_split1,cv4_split2,cv4_split3,cv4_split4
ds1_000,infocus/ds1_000.tif,ifzsum/ds1_000.tif,abnormal,145,train,train,test,train,train,test,train,train,train,train,train,train,train,train,test,val,test,train,train,train,test,train,train,train,train
ds1_001,infocus/ds1_001.tif,ifzsum/ds1_001.tif,abnormal,145,val,train,test,train,train,val,test,val,train,train,val,train,train,train,test,train,val,train,test,train,train,test,train,train,train
ds1_002,infocus/ds1_002.tif,ifzsum/ds1_002.tif,abnormal,140,train,train,val,test,train,train,train,val,train,test,train,train,train,test,train,test,train,train,train,train,train,test,train,val,val
ds1_003,infocus/ds1_003.tif,ifzsum/ds1_003.tif,abnormal,138,test,val,train,train,val,train,test,train,val,train,test,train,train,train,train,train,test,val,train,train,val,val,train,train,test
ds1_004,infocus/ds1_004.tif,ifzsum/ds1_004.tif,abnormal,140,train,test,train,train,val,train,train,train,test,train,train,train,test,train,train,train,test,train,train,train,train,test,train,train,train
ds1_005,infocus/ds1_005.tif,ifzsum/ds1_005.tif,abnormal,125,train,test,train,train,train,train,test,train,val,val,val,train,test,train,train,train,train,val,train,test,train,test,train,val,train
ds1_006,infocus/ds1_006.tif,ifzsum/ds1_006.tif,abnormal,126,train,test,train,train,train,train,test,train,train,train,test,train,train,train,train,train,train,test,train,train,train,train,train,train,test
ds1_007,infocus/ds1_007.tif,ifzsum/ds1_007.tif,normal,113,train,train,train,test,train,train,train,train,test,train,val,train,train,train,test,val,test,train,train,train,train,test,train,train,train
ds1_008,infocus/ds1_008.tif,ifzsum/ds1_008.tif,normal,130,test,train,train,val,train,train,train,train,test,train,val,train,train,test,train,train,train,test,val,train,test,train,train,train,train
ds1_009,infocus/ds1_009.tif,ifzsum/ds1_009.tif,normal,130,train,train,train,test,train,train,train,val,train,test,train,test,train,train,val,train,test,train,train,train,val,train,train,test,train
ds1_010,infocus/ds1_010.tif,ifzsum/ds1_010.tif,abnormal,126,val,test,train,train,train,test,train,train,train,val,train,val,test,train,train,train,train,val,test,train,test,val,train,train,train
ds1_011,infocus/ds1_011.tif,ifzsum/ds1_011.tif,abnormal,138,train,train,train,train,test,train,val,train,val,test,test,train,train,val,train,test,train,train,train,train,train,train,train,train,test
ds1_012,infocus/ds1_012.tif,ifzsum/ds1_012.tif,abnormal,143,test,train,train,train,train,train,val,test,val,train,train,val,val,train,test,train,train,test,train,train,train,train,test,train,train
ds1_013,infocus/ds1_013.tif,ifzsum/ds1_013.tif,normal,124,train,train,test,train,val,train,train,val,val,test,train,val,val,test,train,train,train,train,train,test,test,train,train,train,train
ds1_014,infocus/ds1_014.tif,ifzsum/ds1_014.tif,normal,120,train,train,val,val,test,train,train,test,val,train,train,test,train,train,train,val,train,train,test,val,train,test,train,train,train
ds1_015,infocus/ds1_015.tif,ifzsum/ds1_015.tif,abnormal,151,test,train,train,train,train,train,test,val,train,train,val,val,val,train,test,val,test,train,train,train,train,val,train,test,val
ds1_016,infocus/ds1_016.tif,ifzsum/ds1_016.tif,abnormal,141,train,train,train,train,test,train,test,val,train,train,train,test,train,val,val,test,train,val,train,train,test,train,train,val,train
ds1_017,infocus/ds1_017.tif,ifzsum/ds1_017.tif,abnormal,140,test,train,val,train,train,test,train,train,train,val,train,train,test,train,val,train,test,train,train,train,train,train,test,train,val
ds1_018,infocus/ds1_018.tif,ifzsum/ds1_018.tif,normal,153,train,train,train,train,test,train,train,train,train,test,test,train,train,train,train,train,train,train,train,test,train,train,train,val,test
ds1_019,infocus/ds1_019.tif,ifzsum/ds1_019.tif,normal,140,val,train,test,train,train,train,train,train,test,train,train,test,train,train,train,train,test,train,train,val,val,val,test,train,train
ds1_020,infocus/ds1_020.tif,ifzsum/ds1_020.tif,abnormal,134,train,train,train,val,test,train,train,train,test,train,test,train,train,train,train,train,test,train,train,train,train,train,train,test,val
ds1_021,infocus/ds1_021.tif,ifzsum/ds1_021.tif,abnormal,147,train,train,val,train,test,train,train,train,val,test,train,test,train,train,val,test,train,train,train,train,test,train,train,train,val
ds1_022,infocus/ds1_022.tif,ifzsum/ds1_022.tif,abnormal,133,train,train,test,val,val,test,train,train,train,train,test,train,train,val,train,test,train,train,train,train,val,train,val,train,test
ds1_023,infocus/ds1_023.tif,ifzsum/ds1_023.tif,normal,128,train,train,train,train,test,val,val,test,train,train,train,train,train,test,val,test,train,train,train,train,val,test,val,train,train
ds1_024,infocus/ds1_024.tif,ifzsum/ds1_024.tif,abnormal,145,test,train,train,val,train,train,train,val,val,test,test,train,train,train,val,train,test,train,train,train,test,train,train,train,train
ds1_025,infocus/ds1_025.tif,ifzsum/ds1_025.tif,abnormal,121,train,test,train,val,val,test,train,train,val,val,train,test,train,train,train,train,train,train,val,test,train,train,test,val,train
ds1_026,infocus/ds1_026.tif,ifzsum/ds1_026.tif,abnormal,129,train,train,train,test,val,val,train,train,test,train,train,train,train,train,test,val,train,train,train,test,train,val,test,train,val
ds1_027,infocus/ds1_027.tif,ifzsum/ds1_027.tif,abnormal,141,train,train,train,train,test,train,val,train,test,val,val,test,train,train,train,test,train,train,train,train,val,test,train,train,train
ds1_028,infocus/ds1_028.tif,ifzsum/ds1_028.tif,abnormal,130,train,val,train,train,test,test,train,train,train,train,train,test,train,train,val,train,train,train,test,val,train,train,test,train,train
ds1_029,infocus/ds1_029.tif,ifzsum/ds1_029.tif,normal,134,train,val,test,train,train,train,train,test,val,val,val,train,train,train,test,train,test,train,train,train,test,train,train,train,train
ds1_030,infocus/ds1_030.tif,ifzsum/ds1_030.tif,abnormal,149,train,train,train,train,test,train,train,train,test,train,train,train,val,train,test,train,train,test,train,train,val,test,val,train,train
ds1_031,infocus/ds1_031.tif,ifzsum/ds1_031.tif,normal,153,train,train,train,test,train,test,train,train,train,train,test,train,train,train,train,train,val,train,train,test,test,train,train,train,train
ds1_032,infocus/ds1_032.tif,ifzsum/ds1_032.tif,normal,153,train,test,train,train,train,train,test,train,train,train,train,train,train,train,test,test,train,train,train,train,train,train,train,train,test
ds1_033,infocus/ds1_033.tif,ifzsum/ds1_033.tif,abnormal,140,train,train,test,train,train,train,train,train,test,train,val,test,train,train,train,val,train,test,train,train,train,test,train,train,train
ds1_034,infocus/ds1_034.tif,ifzsum/ds1_034.tif,abnormal,133,train,val,test,train,train,val,val,train,train,test,train,test,train,val,train,train,train,test,train,val,train,train,val,test,val
ds1_035,infocus/ds1_035.tif,ifzsum/ds1_035.tif,abnormal,139,test,train,train,train,train,train,train,test,val,train,train,train,test,val,val,train,val,train,test,train,train,train,train,test,val
ds1_036,infocus/ds1_036.tif,ifzsum/ds1_036.tif,abnormal,138,val,train,val,test,train,train,train,train,val,test,val,train,test,train,train,train,val,test,val,train,train,train,train,train,test
ds1_037,infocus/ds1_037.tif,ifzsum/ds1_037.tif,abnormal,140,train,test,train,train,train,train,train,train,test,train,train,train,train,test,train,test,val,train,val,train,train,train,train,test,val
ds1_038,infocus/ds1_038.tif,ifzsum/ds1_038.tif,abnormal,121,test,train,val,train,train,test,train,val,train,train,val,val,train,test,train,train,train,val,test,train,test,val,train,train,train
ds1_039,infocus/ds1_039.tif,ifzsum/ds1_039.tif,abnormal,122,test,val,train,train,train,train,train,train,train,test,train,train,test,train,train,test,val,train,val,train,train,train,train,test,train
ds1_040,infocus/ds1_040.tif,ifzsum/ds1_040.tif,normal,153,train,test,val,val,train,test,train,train,train,train,train,train,val,test,train,train,train,train,test,val,train,train,val,test,train
ds1_041,infocus/ds1_041.tif,ifzsum/ds1_041.tif,abnormal,139,test,train,train,train,train,test,train,train,train,train,train,train,train,test,train,train,test,train,train,train,val,train,test,train,train
ds1_042,infocus/ds1_042.tif,ifzsum/ds1_042.tif,normal,120,train,test,train,train,train,train,train,val,train,test,train,test,train,train,train,train,train,train,train,test,val,train,test,train,val
ds1_043,infocus/ds1_043.tif,ifzsum/ds1_043.tif,normal,132,val,test,train,val,train,val,test,val,train,train,train,train,test,train,train,train,train,test,train,train,train,train,train,train,test
ds1_044,infocus/ds1_044.tif,ifzsum/ds1_044.tif,abnormal,137,test,train,train,val,train,train,val,train,test,val,test,train,train,train,train,val,train,test,train,val,train,train,test,train,train
ds1_045,infocus/ds1_045.tif,ifzsum/ds1_045.tif,abnormal,143,train,train,train,test,train,test,train,train,train,train,val,train,train,test,val,train,train,val,test,train,train,train,test,train,train
ds1_046,infocus/ds1_046.tif,ifzsum/ds1_046.tif,abnormal,147,train,test,train,val,train,train,val,train,test,val,test,train,val,train,train,train,train,test,train,train,train,test,val,train,train
ds1_047,infocus/ds1_047.tif,ifzsum/ds1_047.tif,abnormal,137,train,train,train,train,test,train,test,train,train,val,val,val,test,train,val,val,train,train,test,val,train,val,train,train,test
ds1_048,infocus/ds1_048.tif,ifzsum/ds1_048.tif,abnormal,120,train,train,test,val,train,test,train,train,train,train,val,test,train,val,val,train,test,train,val,train,val,val,test,train,train
ds1_049,infocus/ds1_049.tif,ifzsum/ds1_049.tif,abnormal,150,train,train,test,val,val,train,train,train,train,test,test,val,train,train,train,train,train,train,train,test,train,val,val,train,test
ds1_050,infocus/ds1_050.tif,ifzsum/ds1_050.tif,abnormal,148,train,train,train,test,val,train,val,val,test,train,train,train,test,train,train,val,val,train,test,train,train,test,val,val,train
ds1_051,infocus/ds1_051.tif,ifzsum/ds1_051.tif,abnormal,144,train,train,train,train,test,train,train,train,val,test,train,train,train,train,test,val,test,val,train,val,test,val,train,train,val
ds1_052,infocus/ds1_052.tif,ifzsum/ds1_052.tif,abnormal,126,train,test,train,train,val,train,train,train,test,val,train,train,train,train,test,test,val,train,val,train,test,train,train,val,train
ds1_053,infocus/ds1_053.tif,ifzsum/ds1_053.tif,normal,112,train,train,test,val,val,test,train,train,train,train,test,train,train,val,train,train,train,test,val,train,test,train,val,train,val
ds1_054,infocus/ds1_054.tif,ifzsum/ds1_054.tif,abnormal,131,train,train,train,test,train,train,train,train,train,test,test,val,train,val,train,train,val,train,train,test,val,train,test,val,train
ds1_055,infocus/ds1_055.tif,ifzsum/ds1_055.tif,normal,153,test,train,train,train,train,train,train,train,train,test,train,test,train,train,train,val,test,train,train,train,val,val,train,test,train
ds1_056,infocus/ds1_056.tif,ifzsum/ds1_056.tif,normal,147,test,train,train,train,train,train,train,test,train,train,train,train,test,train,train,train,train,val,test,train,val,train,val,train,test
ds1_057,infocus/ds1_057.tif,ifzsum/ds1_057.tif,abnormal,138,val,train,test,train,train,test,train,val,train,train,test,train,train,train,val,train,train,train,test,train,train,train,test,train,train
ds1_058,infocus/ds1_058.tif,ifzsum/ds1_058.tif,normal,123,train,test,train,train,train,val,train,train,train,test,val,test,train,val,train,train,train,test,train,train,val,val,test,train,train
ds1_059,infocus/ds1_059.tif,ifzsum/ds1_059.tif,normal,134,val,train,train,test,train,train,val,test,train,train,train,test,train,train,train,train,train,test,train,train,test,train,val,train,train
ds1_060,infocus/ds1_060.tif,ifzsum/ds1_060.tif,normal,125,test,train,train,train,train,val,train,train,test,val,val,test,train,train,train,train,train,test,val,train,test,train,train,val,train
ds1_061,infocus/ds1_061.tif,ifzsum/ds1_061.tif,normal,120,train,test,train,train,train,test,train,val,train,train,test,train,train,val,train,val,train,val,test,val,test,train,train,val,train
ds1_062,infocus/ds1_062.tif,ifzsum/ds1_062.tif,normal,120,train,test,train,train,train,train,train,train,val,test,test,train,val,train,train,val,train,test,train,train,train,train,train,test,train
ds1_063,infocus/ds1_063.tif,ifzsum/ds1_063.tif,normal,116,test,train,train,train,train,train,test,train,val,train,test,train,train,val,train,val,train,test,val,train,val,train,train,val,test
ds1_064,infocus/ds1_064.tif,ifzsum/ds1_064.tif,normal,116,train,train,val,test,train,val,train,test,train,val,train,test,val,train,train,train,train,val,train,test,train,train,train,val,test
ds1_065,infocus/ds1_065.tif,ifzsum/ds1_065.tif,normal,120,train,val,train,test,train,train,val,test,val,val,train,train,val,test,train,test,train,train,train,train,train,test,train,train,train
ds1_066,infocus/ds1_066.tif,ifzsum/ds1_066.tif,abnormal,136,train,train,train,test,val,val,train,val,test,train,test,val,train,train,train,train,train,test,train,val,train,train,val,val,test
ds1_067,infocus/ds1_067.tif,ifzsum/ds1_067.tif,normal,120,train,val,train,train,test,val,test,train,train,train,train,train,train,train,test,test,train,train,train,train,train,test,train,train,train
ds1_068,infocus/ds1_068.tif,ifzsum/ds1_068.tif,normal,135,train,train,val,val,test,val,test,train,val,train,train,train,train,test,train,train,val,train,test,train,train,train,train,train,test
ds1_069,infocus/ds1_069.tif,ifzsum/ds1_069.tif,abnormal,140,train,test,train,train,train,val,train,train,test,train,train,train,test,train,train,test,train,train,train,train,train,test,train,train,train
ds1_070,infocus/ds1_070.tif,ifzsum/ds1_070.tif,abnormal,126,test,val,val,train,val,train,test,train,train,train,test,train,train,train,train,train,train,train,train,test,val,train,train,train,test
ds1_071,infocus/ds1_071.tif,ifzsum/ds1_071.tif,abnormal,135,train,train,val,val,test,test,train,train,val,train,test,train,train,train,train,val,train,train,train,test,test,train,train,train,train
ds1_072,infocus/ds1_072.tif,ifzsum/ds1_072.tif,normal,143,train,test,train,train,train,train,test,train,train,val,test,train,train,train,train,test,train,train,val,val,test,train,train,train,train
ds1_073,infocus/ds1_073.tif,ifzsum/ds1_073.tif,normal,153,train,train,test,train,val,train,train,val,test,train,val,train,train,val,test,test,train,train,train,train,test,train,val,val,train
ds1_074,infocus/ds1_074.tif,ifzsum/ds1_074.tif,normal,137,val,test,train,val,train,train,train,val,val,test,test,val,train,train,train,test,train,train,val,train,train,train,train,test,train
ds1_075,infocus/ds1_075.tif,ifzsum/ds1_075.tif,abnormal,129,val,train,test,val,val,val,train,val,test,train,val,train,train,train,test,train,train,train,val,test,test,val,train,train,train
ds1_076,infocus/ds1_076.tif,ifzsum/ds1_076.tif,abnormal,142,train,train,train,train,test,train,train,train,train,test,train,train,train,train,test,train,train,train,test,train,train,train,test,train,val
ds1_077,infocus/ds1_077.tif,ifzsum/ds1_077.tif,normal,143,train,test,train,train,val,train,train,test,train,train,train,val,test,val,train,test,val,train,train,train,train,val,train,train,test
ds1_078,infocus/ds1_078.tif,ifzsum/ds1_078.tif,abnormal,126,train,val,train,test,train,train,train,test,train,val,train,test,train,train,train,train,test,train,train,train,train,train,val,train,test
ds1_079,infocus/ds1_079.tif,ifzsum/ds1_079.tif,abnormal,126,test,train,train,train,train,test,val,train,train,train,test,train,train,train,train,train,test,train,val,train,train,train,train,test,train
ds1_080,infocus/ds1_080.tif,ifzsum/ds1_080.tif,abnormal,119,val,train,test,val,train,train,train,test,val,train,train,val,train,train,test,train,train,train,test,val,train,train,train,train,test
ds1_081,infocus/ds1_081.tif,ifzsum/ds1_081.tif,abnormal,120,train,train,train,train,test,train,val,train,test,train,train,train,train,train,test,test,train,train,val,train,test,train,val,train,val
ds1_082,infocus/ds1_082.tif,ifzsum/ds1_082.tif,abnormal,139,train,train,train,test,train,train,train,train,test,train,test,train,train,train,train,train,train,test,val,train,train,val,train,train,test
ds1_083,infocus/ds1_083.tif,ifzsum/ds1_083.tif,abnormal,151,train,train,test,val,train,train,train,test,train,train,train,train,val,test,train,train,train,train,test,train,train,train,train,train,test
ds1_084,infocus/ds1_084.tif,ifzsum/ds1_084.tif,normal,153,val,test,train,val,train,val,train,train,train,test,val,train,train,train,test,train,train,test,train,train,train,val,train,val,test
ds1_085,infocus/ds1_085.tif,ifzsum/ds1_085.tif,normal,121,test,val,train,val,train,train,test,train,train,train,train,val,train,train,test,test,train,train,train,train,train,test,val,val,val
ds1_086,infocus/ds1_086.tif,ifzsum/ds1_086.tif,abnormal,142,train,val,train,train,test,train,train,train,train,test,train,train,train,train,test,val,train,train,train,test,train,train,train,test,train
ds1_087,infocus/ds1_087.tif,ifzsum/ds1_087.tif,abnormal,139,train,train,train,train,test,train,test,train,train,val,train,train,val,train,test,test,train,train,train,train,test,train,val,train,train
ds1_088,infocus/ds1_088.tif,ifzsum/ds1_088.tif,abnormal,147,train,train,test,val,train,train,train,train,val,test,val,train,train,test,train,val,train,train,test,train,train,train,train,test,train
ds1_089,infocus/ds1_089.tif,ifzsum/ds1_089.tif,abnormal,143,test,train,train,train,train,train,train,test,val,train,train,train,test,train,train,train,train,train,train,test,train,train,test,train,train
ds1_090,infocus/ds1_090.tif,ifzsum/ds1_090.tif,abnormal,141,train,train,train,train,test,test,train,train,train,val,train,test,train,train,train,train,train,test,train,val,train,test,train,train,train
ds1_091,infocus/ds1_091.tif,ifzsum/ds1_091.tif,abnormal,120,train,train,train,train,test,val,train,train,test,train,val,val,test,train,train,val,test,train,train,train,test,train,train,train,val
ds1_092,infocus/ds1_092.tif,ifzsum/ds1_092.tif,abnormal,121,train,train,test,train,train,train,train,train,train,test,train,test,train,train,train,train,train,val,test,train,train,train,train,test,train
ds1_093,infocus/ds1_093.tif,ifzsum/ds1_093.tif,abnormal,120,train,val,val,test,train,train,train,train,test,train,val,train,test,train,train,train,train,val,test,train,test,train,train,train,train
ds1_094,infocus/ds1_094.tif,ifzsum/ds1_094.tif,abnormal,121,train,train,val,test,train,train,train,train,test,train,test,train,val,train,train,test,train,val,train,val,test,train,train,train,train
ds1_095,infocus/ds1_095.tif,ifzsum/ds1_095.tif,abnormal,139,train,train,train,train,test,train,train,train,test,train,train,train,test,train,train,train,test,train,train,train,train,train,test,train,val
ds1_096,infocus/ds1_096.tif,ifzsum/ds1_096.tif,abnormal,137,val,train,train,test,val,val,test,train,val,train,train,val,val,train,test,train,train,train,train,test,train,train,val,test,train
ds1_097,infocus/ds1_097.tif,ifzsum/ds1_097.tif,abnormal,134,test,train,train,val,train,val,test,train,train,train,val,test,train,train,train,train,train,train,test,train,train,train,test,train,train
ds1_098,infocus/ds1_098.tif,ifzsum/ds1_098.tif,normal,133,train,val,val,train,test,train,test,train,val,train,train,train,train,train,test,val,train,train,test,train,train,val,train,test,train
ds1_099,infocus/ds1_099.tif,ifzsum/ds1_099.tif,abnormal,130,train,train,train,test,val,test,train,train,train,val,train,train,test,train,train,test,train,train,train,train,train,train,train,val,test
ds1_100,infocus/ds1_100.tif,ifzsum/ds1_100.tif,abnormal,141,train,train,train,test,train,train,train,train,test,train,train,train,test,val,train,val,train,train,test,train,train,train,train,test,val
ds1_101,infocus/ds1_101.tif,ifzsum/ds1_101.tif,abnormal,142,test,train,train,train,train,train,test,train,train,train,val,test,train,train,train,train,train,test,train,train,train,val,train,test,val
ds1_102,infocus/ds1_102.tif,ifzsum/ds1_102.tif,abnormal,137,train,train,train,train,test,train,test,val,val,train,val,train,train,test,train,train,test,val,train,val,train,test,train,val,train
ds1_103,infocus/ds1_103.tif,ifzsum/ds1_103.tif,normal,135,test,train,train,train,val,test,train,val,train,train,val,val,train,train,test,train,test,train,val,train,train,train,test,val,train
ds1_104,infocus/ds1_104.tif,ifzsum/ds1_104.tif,abnormal,149,val,train,train,test,val,train,test,train,val,train,test,train,train,train,val,train,val,val,test,train,val,test,train,train,train
ds1_105,infocus/ds1_105.tif,ifzsum/ds1_105.tif,normal,153,train,val,test,train,train,test,val,train,train,train,train,val,val,test,train,val,test,train,train,val,train,test,train,train,train
ds1_106,infocus/ds1_106.tif,ifzsum/ds1_106.tif,abnormal,137,test,train,train,train,train,val,train,train,train,test,train,val,train,train,test,train,train,train,train,test,test,train,train,train,train
ds1_107,infocus/ds1_107.tif,ifzsum/ds1_107.tif,abnormal,146,val,train,train,train,test,train,train,train,test,train,train,test,train,train,train,train,train,train,train,test,train,test,val,val,train
ds1_108,infocus/ds1_108.tif,ifzsum/ds1_108.tif,abnormal,123,train,train,val,val,test,train,train,test,train,train,train,test,train,train,train,train,val,train,train,test,train,train,val,test,train
ds1_109,infocus/ds1_109.tif,ifzsum/ds1_109.tif,abnormal,140,train,train,train,val,test,train,train,train,train,test,test,train,train,train,val,val,train,train,test,train,train,train,test,val,train
ds1_110,infocus/ds1_110.tif,ifzsum/ds1_110.tif,abnormal,134,train,train,test,train,train,test,train,val,train,train,test,train,train,val,train,val,val,train,test,train,train,train,test,val,train
ds1_111,infocus/ds1_111.tif,ifzsum/ds1_111.tif,abnormal,140,test,train,train,val,train,test,train,train,train,train,train,train,train,train,test,train,train,test,train,train,train,train,train,test,train
ds1_112,infocus/ds1_112.tif,ifzsum/ds1_112.tif,abnormal,142,train,test,train,val,train,train,test,val,train,train,test,train,train,train,train,train,test,train,train,train,train,train,val,train,test
ds1_113,infocus/ds1_113.tif,ifzsum/ds1_113.tif,abnormal,122,test,val,train,train,train,train,train,test,train,val,train,test,train,train,train,test,train,train,val,train,val,train,test,val,train
ds1_114,infocus/ds1_114.tif,ifzsum/ds1_114.tif,abnormal,142,train,val,train,train,test,train,train,train,test,val,train,train,train,train,test,val,train,train,train,test,train,train,test,train,train
ds1_115,infocus/ds1_115.tif,ifzsum/ds1_115.tif,normal,132,train,train,train,test,val,train,val,test,train,val,test,train,train,train,train,train,train,val,train,test,test,train,train,train,val
ds1_116,infocus/ds1_116.tif,ifzsum/ds1_116.tif,normal,117,test,train,train,train,train,train,train,train,test,train,train,train,train,test,train,train,train,test,train,val,train,train,train,val,test
ds1_117,infocus/ds1_117.tif,ifzsum/ds1_117.tif,abnormal,129,train,val,train,train,test,train,train,test,train,val,train,train,train,train,test,train,train,train,val,test,train,train,val,test,val
ds1_118,infocus/ds1_118.tif,ifzsum/ds1_118.tif,abnormal,142,train,train,val,val,test,train,test,train,train,train,test,val,train,train,train,val,train,val,test,train,test,train,train,train,train
ds1_119,infocus/ds1_119.tif,ifzsum/ds1_119.tif,abnormal,128,train,train,val,test,train,test,train,train,train,train,train,train,train,test,train,val,train,train,test,val,train,train,train,val,test
ds1_120,infocus/ds1_120.tif,ifzsum/ds1_120.tif,abnormal,152,val,test,train,train,train,train,train,test,train,train,test,val,train,val,train,val,test,train,train,val,test,train,val,train,train
ds1_121,infocus/ds1_121.tif,ifzsum/ds1_121.tif,abnormal,140,test,train,train,train,train,test,train,train,train,train,test,train,train,train,val,test,val,train,train,train,train,train,train,train,test
ds1_122,infocus/ds1_122.tif,ifzsum/ds1_122.tif,abnormal,140,train,val,test,train,train,test,train,val,val,train,test,train,train,train,val,test,train,train,train,train,train,train,test,train,train
ds1_123,infocus/ds1_123.tif,ifzsum/ds1_123.tif,normal,153,val,train,val,train,test,train,train,train,train,test,train,train,test,train,train,train,val,train,val,test,train,train,train,test,train
ds1_124,infocus/ds1_124.tif,ifzsum/ds1_124.tif,normal,135,train,val,test,val,train,train,train,train,val,test,train,train,train,test,train,test,train,val,train,train,val,test,train,train,train
ds1_125,infocus/ds1_125.tif,ifzsum/ds1_125.tif,abnormal,151,train,train,train,test,train,train,train,train,test,train,val,test,train,train,val,train,train,train,test,train,train,test,train,train,train
ds1_126,infocus/ds1_126.tif,ifzsum/ds1_126.tif,normal,139,test,train,train,train,train,test,val,train,train,train,train,train,test,val,val,train,test,train,train,train,test,train,train,val,train
ds1_127,infocus/ds1_127.tif,ifzsum/ds1_127.tif,normal,153,train,train,val,test,val,val,train,train,test,train,val,train,test,train,train,test,train,val,train,val,train,val,test,train,train
ds1_128,infocus/ds1_128.tif,ifzsum/ds1_128.tif,abnormal,137,test,val,train,train,train,train,test,train,train,train,train,train,train,train,test,train,test,train,train,val,test,val,train,train,train
ds1_129,infocus/ds1_129.tif,ifzsum/ds1_129.tif,abnormal,140,train,train,train,val,test,train,test,val,train,val,train,test,train,train,train,train,train,train,train,test,train,test,train,train,val
ds1_130,infocus/ds1_130.tif,ifzsum/ds1_130.tif,abnormal,129,test,train,train,train,val,train,train,train,test,train,train,train,val,test,train,train,train,train,test,train,train,test,train,val,val
ds1_131,infocus/ds1_131.tif,ifzsum/ds1_131.tif,abnormal,114,train,test,train,train,train,val,train,test,train,train,train,test,train,train,train,train,train,val,test,train,train,test,train,train,val
ds1_132,infocus/ds1_132.tif,ifzsum/ds1_132.tif,abnormal,127,test,train,val,train,train,train,val,train,train,test,val,train,test,val,train,val,train,test,train,train,train,test,train,train,train
ds1_133,infocus/ds1_133.tif,ifzsum/ds1_133.tif,abnormal,128,train,val,test,train,train,test,val,train,train,train,train,train,train,test,train,train,train,train,test,train,train,train,val,train,test
ds1_134,infocus/ds1_134.tif,ifzsum/ds1_134.tif,abnormal,150,train,train,val,test,train,train,test,val,val,train,train,train,test,train,train,train,test,train,val,train,train,train,test,val,train
ds1_135,infocus/ds1_135.tif,ifzsum/ds1_135.tif,abnormal,127,test,val,train,val,train,train,test,train,train,train,train,val,test,train,train,test,train,train,train,val,train,train,val,val,test
ds1_136,infocus/ds1_136.tif,ifzsum/ds1_136.tif,abnormal,140,val,test,train,val,train,val,train,test,train,train,train,train,test,val,train,test,val,train,train,train,test,val,train,val,val
ds1_137,infocus/ds1_137.tif,ifzsum/ds1_137.tif,normal,140,val,train,test,train,train,test,train,train,train,train,train,val,train,train,test,test,val,val,train,train,train,test,train,val,train
ds1_138,infocus/ds1_138.tif,ifzsum/ds1_138.tif,abnormal,146,train,test,train,val,train,val,train,train,train,test,val,test,train,train,train,val,train,train,train,test,test,train,train,train,train
ds1_139,infocus/ds1_139.tif,ifzsum/ds1_139.tif,normal,129,train,test,val,val,train,train,val,train,test,train,train,test,train,train,train,train,test,train,val,train,train,train,train,train,test
ds1_140,infocus/ds1_140.tif,ifzsum/ds1_140.tif,abnormal,139,train,train,train,test,val,train,train,train,train,test,train,train,train,test,train,train,train,train,test,train,train,train,train,train,test
ds1_141,infocus/ds1_141.tif,ifzsum/ds1_141.tif,normal,122,train,test,train,val,val,test,train,val,train,train,train,test,val,train,val,test,train,train,train,train,val,train,train,test,val
ds1_142,infocus/ds1_142.tif,ifzsum/ds1_142.tif,abnormal,140,train,train,test,val,train,train,train,train,test,train,train,train,test,train,val,train,train,val,train,test,train,train,train,test,train
ds1_143,infocus/ds1_143.tif,ifzsum/ds1_143.tif,normal,142,train,train,test,train,train,train,train,train,test,train,val,train,train,train,test,train,train,train,train,test,train,train,train,test,train
ds1_144,infocus/ds1_144.tif,ifzsum/ds1_144.tif,normal,153,train,train,test,train,val,test,train,val,train,train,train,train,train,test,val,train,train,val,test,val,train,train,train,train,test
ds1_145,infocus/ds1_145.tif,ifzsum/ds1_145.tif,abnormal,121,val,train,train,train,test,train,test,train,train,train,train,train,train,train,test,train,train,train,train,test,test,train,train,train,train
ds1_146,infocus/ds1_146.tif,ifzsum/ds1_146.tif,normal,153,train,test,train,train,val,train,train,train,train,test,train,train,train,test,train,test,val,train,train,val,train,test,train,train,val
ds1_147,infocus/ds1_147.tif,ifzsum/ds1_147.tif,abnormal,134,train,test,train,train,train,test,train,train,train,train,train,val,test,train,train,val,test,train,train,train,val,test,train,train,train
ds1_148,infocus/ds1_148.tif,ifzsum/ds1_148.tif,normal,153,train,train,test,train,val,train,train,test,train,train,test,train,train,train,train,test,train,train,train,train,train,train,train,test,train
ds1_149,infocus/ds1_149.tif,ifzsum/ds1_149.tif,normal,136,val,train,train,train,test,test,train,train,train,train,test,train,train,train,train,train,train,train,test,val,train,train,test,train,train
ds1_150,infocus/ds1_150.tif,ifzsum/ds1_150.tif,abnormal,149,train,train,val,test,train,train,test,train,train,train,val,test,train,train,train,train,test,train,val,train,train,train,test,val,val
ds1_151,infocus/ds1_151.tif,ifzsum/ds1_151.tif,normal,125,val,test,train,train,val,train,train,test,train,train,train,test,train,val,train,train,test,val,train,train,val,train,val,train,test
ds1_152,infocus/ds1_152.tif,ifzsum/ds1_152.tif,abnormal,132,val,val,test,val,train,train,test,train,train,train,train,train,train,train,test,val,train,test,val,train,train,train,train,train,test
ds1_153,infocus/ds1_153.tif,ifzsum/ds1_153.tif,normal,153,train,val,train,test,train,train,train,test,train,train,train,test,val,train,train,test,val,val,train,train,train,train,train,train,test
ds1_154,infocus/ds1_154.tif,ifzsum/ds1_154.tif,normal,153,train,test,train,train,train,train,train,train,test,train,train,train,train,test,train,val,val,train,train,test,train,train,test,train,train
ds1_155,infocus/ds1_155.tif,ifzsum/ds1_155.tif,normal,153,train,train,val,test,train,val,train,train,train,test,train,train,test,train,val,test,train,train,train,train,train,val,test,val,train
ds1_156,infocus/ds1_156.tif,ifzsum/ds1_156.tif,abnormal,125,train,train,train,test,train,test,train,train,val,train,train,train,train,train,test,val,test,train,train,train,train,test,train,train,train
ds1_157,infocus/ds1_157.tif,ifzsum/ds1_157.tif,abnormal,127,train,train,train,test,train,test,val,val,val,train,train,test,val,train,val,test,val,train,train,val,train,train,train,train,test
ds1_158,infocus/ds1_158.tif,ifzsum/ds1_158.tif,abnormal,113,train,test,train,train,train,val,train,train,test,train,train,val,train,train,test,train,train,val,test,train,train,test,val,train,train
ds1_159,infocus/ds1_159.tif,ifzsum/ds1_159.tif,abnormal,141,train,train,train,test,train,train,train,train,val,test,test,train,train,val,val,train,train,test,train,train,test,val,train,train,train
ds1_160,infocus/ds1_160.tif,ifzsum/ds1_160.tif,abnormal,142,train,test,train,train,train,train,val,test,train,train,train,train,train,train,test,train,test,train,train,train,train,train,train,train,test
ds1_161,infocus/ds1_161.tif,ifzsum/ds1_161.tif,abnormal,140,train,train,test,train,train,test,train,train,train,train,train,train,train,test,train,val,train,train,test,train,train,val,train,test,train
ds1_162,infocus/ds1_162.tif,ifzsum/ds1_162.tif,abnormal,140,train,train,train,train,test,test,val,train,val,val,test,val,train,train,train,train,test,train,train,val,train,train,test,train,train
ds1_163,infocus/ds1_163.tif,ifzsum/ds1_163.tif,abnormal,142,train,train,train,train,test,train,val,train,train,test,train,train,train,test,train,test,train,train,train,train,train,train,test,val,train
ds1_164,infocus/ds1_164.tif,ifzsum/ds1_164.tif,normal,153,test,train,train,train,train,train,test,train,train,train,test,train,train,train,train,train,train,train,test,val,train,test,train,train,train
ds1_165,infocus/ds1_165.tif,ifzsum/ds1_165.tif,normal,120,val,train,test,train,train,val,test,train,train,train,train,test,train,train,train,train,train,train,train,test,train,train,train,train,test
ds1_166,infocus/ds1_166.tif,ifzsum/ds1_166.tif,abnormal,137,train,val,val,test,train,train,test,train,train,val,train,test,train,train,val,train,train,test,train,train,train,train,train,test,train
ds1_167,infocus/ds1_167.tif,ifzsum/ds1_167.tif,abnormal,144,train,test,train,train,train,train,test,train,train,train,train,train,test,train,val,train,train,train,train,test,train,train,test,train,train
ds1_168,infocus/ds1_168.tif,ifzsum/ds1_168.tif,abnormal,140,train,test,train,train,train,train,test,train,train,train,train,test,train,val,train,test,val,val,train,train,train,val,test,train,train
ds1_169,infocus/ds1_169.tif,ifzsum/ds1_169.tif,abnormal,133,test,train,train,train,val,train,train,test,train,train,train,train,val,val,test,val,train,test,train,val,train,val,train,train,test
ds1_170,infocus/ds1_170.tif,ifzsum/ds1_170.tif,abnormal,136,train,train,test,train,train,val,val,test,train,train,train,train,train,test,train,train,train,test,train,train,train,val,test,train,val
ds1_171,infocus/ds1_171.tif,ifzsum/ds1_171.tif,abnormal,132,val,train,train,train,test,train,test,val,train,train,train,test,train,val,train,train,test,train,train,train,train,val,train,test,val
ds1_172,infocus/ds1_172.tif,ifzsum/ds1_172.tif,abnormal,140,train,val,val,test,train,val,train,train,test,train,test,val,train,train,train,train,train,test,train,val,test,train,train,train,train
ds1_173,infocus/ds1_173.tif,ifzsum/ds1_173.tif,abnormal,133,train,test,train,train,train,train,train,val,test,train,test,train,val,val,val,train,train,train,val,test,train,train,train,train,test
ds1_174,infocus/ds1_174.tif,ifzsum/ds1_174.tif,abnormal,124,val,test,train,train,val,train,test,train,val,train,val,train,test,val,train,val,train,train,test,train,val,train,train,test,train
ds1_175,infocus/ds1_175.tif,ifzsum/ds1_175.tif,abnormal,140,train,test,val,val,val,train,train,test,train,val,train,train,train,train,test,train,train,train,test,train,train,train,train,test,train
ds1_176,infocus/ds1_176.tif,ifzsum/ds1_176.tif,abnormal,125,train,train,train,test,train,train,train,train,train,test,train,test,train,train,train,train,test,train,train,val,val,test,train,train,val
ds1_177,infocus/ds1_177.tif,ifzsum/ds1_177.tif,abnormal,147,test,train,train,train,train,val,train,test,train,val,test,train,train,train,train,train,train,train,val,test,test,train,train,train,train
ds1_178,infocus/ds1_178.tif,ifzsum/ds1_178.tif,abnormal,140,test,train,train,val,train,train,val,test,train,val,train,train,train,test,train,test,val,val,train,val,test,train,val,train,train
ds1_179,infocus/ds1_179.tif,ifzsum/ds1_179.tif,abnormal,144,train,train,test,train,train,train,val,test,train,val,test,train,train,val,train,train,train,train,train,test,train,test,train,train,val
ds1_180,infocus/ds1_180.tif,ifzsum/ds1_180.tif,abnormal,128,test,train,val,train,train,train,train,val,train,test,train,train,test,val,train,train,train,test,train,train,train,test,train,train,train
ds1_181,infocus/ds1_181.tif,ifzsum/ds1_181.tif,abnormal,140,test,train,train,train,train,val,train,test,train,train,test,train,train,train,train,train,train,train,test,train,train,train,test,val,train
ds1_182,infocus/ds1_182.tif,ifzsum/ds1_182.tif,abnormal,140,val,train,test,train,train,train,val,train,val,test,test,train,train,val,train,train,train,train,test,val,val,train,train,test,train
ds1_183,infocus/ds1_183.tif,ifzsum/ds1_183.tif,abnormal,140,train,train,test,val,train,val,train,train,test,train,train,train,train,test,train,val,train,train,test,train,test,train,train,val,val
ds1_184,infocus/ds1_184.tif,ifzsum/ds1_184.tif,abnormal,140,train,val,train,test,train,val,train,val,test,train,train,train,test,train,train,train,val,train,train,test,train,train,train,test,val
ds1_185,infocus/ds1_185.tif,ifzsum/ds1_185.tif,abnormal,131,train,test,train,train,train,test,train,train,train,train,train,val,test,train,train,test,val,train,train,train,val,train,train,train,test
ds1_186,infocus/ds1_186.tif,ifzsum/ds1_186.tif,abnormal,148,val,test,train,train,val,train,train,val,test,train,test,train,train,train,val,train,train,test,train,train,test,train,train,val,train
ds1_187,infocus/ds1_187.tif,ifzsum/ds1_187.tif,abnormal,151,train,test,val,train,val,train,train,test,train,train,train,train,train,train,test,train,test,train,train,train,train,test,train,val,train
ds1_188,infocus/ds1_188.tif,ifzsum/ds1_188.tif,normal,121,train,train,train,test,train,val,train,train,test,train,train,val,train,train,test,train,train,test,train,train,train,train,train,test,val
ds1_189,infocus/ds1_189.tif,ifzsum/ds1_189.tif,abnormal,125,test,val,train,train,train,train,train,train,train,test,val,test,train,train,train,test,train,train,train,train,train,val,test,train,train
ds1_190,infocus/ds1_190.tif,ifzsum/ds1_190.tif,abnormal,152,train,train,test,train,train,train,test,train,train,train,test,train,val,train,val,train,train,test,train,val,test,train,train,val,train
ds1_191,infocus/ds1_191.tif,ifzsum/ds1_191.tif,abnormal,143,test,val,val,train,train,train,train,train,train,test,train,train,train,train,test,train,test,val,train,train,train,train,train,test,train
ds1_192,infocus/ds1_192.tif,ifzsum/ds1_192.tif,abnormal,127,train,train,test,train,train,train,train,test,train,train,val,train,val,test,train,train,test,val,train,train,test,train,train,train,train
ds1_193,infocus/ds1_193.tif,ifzsum/ds1_193.tif,abnormal,144,test,train,train,train,val,test,val,train,train,train,train,val,train,train,test,train,test,train,train,train,train,train,val,train,test
ds1_194,infocus/ds1_194.tif,ifzsum/ds1_194.tif,abnormal,140,train,train,train,train,test,train,train,test,train,train,train,val,val,test,val,train,train,train,val,test,train,train,train,test,train
ds1_195,infocus/ds1_195.tif,ifzsum/ds1_195.tif,normal,130,val,train,test,train,train,train,train,train,test,train,train,train,train,train,test,train,test,train,train,val,train,train,test,train,val
ds1_196,infocus/ds1_196.tif,ifzsum/ds1_196.tif,abnormal,150,train,train,test,train,train,train,train,test,train,train,test,val,train,train,train,train,train,train,train,test,val,train,val,val,test
ds1_197,infocus/ds1_197.tif,ifzsum/ds1_197.tif,abnormal,140,test,val,train,train,val,train,train,test,train,val,train,train,test,val,val,val,train,train,test,train,train,train,test,val,train
ds1_198,infocus/ds1_198.tif,ifzsum/ds1_198.tif,normal,130,val,train,test,train,train,train,train,train,train,test,train,train,test,train,val,train,train,train,test,train,train,train,train,test,train
ds1_199,infocus/ds1_199.tif,ifzsum/ds1_199.tif,abnormal,143,train,val,test,train,train,test,val,train,train,train,train,train,val,test,train,test,train,train,train,train,train,val,val,train,test
ds1_200,infocus/ds1_200.tif,ifzsum/ds1_200.tif,abnormal,114,train,train,train,test,val,val,test,train,val,train,val,train,test,train,train,train,test,train,train,train,train,train,train,val,test
ds1_201,infocus/ds1_201.tif,ifzsum/ds1_201.tif,abnormal,151,train,train,train,train,test,train,train,train,test,train,train,train,train,test,train,test,train,train,val,train,train,train,val,train,test
ds1_202,infocus/ds1_202.tif,ifzsum/ds1_202.tif,normal,122,val,train,train,test,train,train,train,val,test,val,train,val,test,train,train,train,val,val,test,train,train,train,train,val,test
ds1_203,infocus/ds1_203.tif,ifzsum/ds1_203.tif,normal,130,train,train,train,train,test,train,val,train,val,test,train,train,test,train,train,train,val,test,train,train,train,train,train,test,train
ds1_204,infocus/ds1_204.tif,ifzsum/ds1_204.tif,abnormal,138,val,test,train,train,train,train,val,train,test,train,train,train,val,train,test,train,train,test,train,train,test,train,val,train,train
ds1_205,infocus/ds1_205.tif,ifzsum/ds1_205.tif,abnormal,150,train,train,train,test,val,train,train,val,test,train,train,train,train,test,train,test,train,train,train,train,test,train,train,train,train
ds1_206,infocus/ds1_206.tif,ifzsum/ds1_206.tif,abnormal,137,test,train,train,train,train,test,train,train,train,val,test,train,train,train,train,train,train,test,train,val,val,test,train,train,train
ds1_207,infocus/ds1_207.tif,ifzsum/ds1_207.tif,abnormal,140,test,train,val,train,train,train,train,train,train,test,test,train,train,train,train,train,train,test,train,train,train,test,train,val,train
ds1_208,infocus/ds1_208.tif,ifzsum/ds1_208.tif,normal,153,train,val,train,test,val,test,train,val,val,val,train,train,val,train,test,val,train,train,test,train,train,train,train,test,val
ds1_209,infocus/ds1_209.tif,ifzsum/ds1_209.tif,abnormal,145,test,val,train,train,train,train,train,train,test,train,test,train,train,train,train,train,train,train,test,train,val,train,test,train,train
ds1_210,infocus/ds1_210.tif,ifzsum/ds1_210.tif,normal,146,train,train,train,train,test,train,train,train,train,test,train,val,train,test,val,train,train,test,train,train,train,train,test,train,val
ds1_211,infocus/ds1_211.tif,ifzsum/ds1_211.tif,normal,153,test,train,train,train,val,val,train,train,val,test,train,train,test,val,train,train,train,test,train,train,val,train,train,train,test
ds1_212,infocus/ds1_212.tif,ifzsum/ds1_212.tif,abnormal,140,train,train,test,train,train,test,train,train,train,val,train,test,train,train,val,train,train,val,test,train,train,test,train,val,train
ds1_213,infocus/ds1_213.tif,ifzsum/ds1_213.tif,normal,120,train,train,val,test,val,test,train,train,train,train,test,train,train,train,train,train,test,train,train,train,train,train,train,test,train
ds1_214,infocus/ds1_214.tif,ifzsum/ds1_214.tif,abnormal,148,val,train,val,train,test,test,train,train,train,train,val,test,train,val,train,test,train,train,train,val,train,test,train,val,train
ds1_215,infocus/ds1_215.tif,ifzsum/ds1_215.tif,abnormal,130,train,train,train,test,train,train,train,train,test,train,train,test,train,train,train,train,train,train,test,train,train,train,train,test,train
ds1_216,infocus/ds1_216.tif,ifzsum/ds1_216.tif,abnormal,140,val,test,train,train,train,train,train,train,test,train,train,train,train,train,test,train,train,test,train,train,train,train,test,train,train
ds1_217,infocus/ds1_217.tif,ifzsum/ds1_217.tif,abnormal,134,train,train,test,val,train,val,test,train,train,val,train,train,train,test,train,test,train,val,train,train,train,train,train,train,test
ds1_218,infocus/ds1_218.tif,ifzsum/ds1_218.tif,normal,134,train,test,train,train,train,val,val,test,train,train,train,train,test,train,train,test,train,train,train,val,train,train,test,train,train
ds1_219,infocus/ds1_219.tif,ifzsum/ds1_219.tif,normal,145,train,test,train,val,train,train,train,test,train,train,train,val,train,train,test,test,train,val,val,train,train,train,train,train,test
ds1_220,infocus/ds1_220.tif,ifzsum/ds1_220.tif,normal,145,train,train,train,val,test,train,test,train,train,train,train,train,val,train,test,val,train,train,train,test,train,train,train,train,test
ds1_221,infocus/ds1_221.tif,ifzsum/ds1_221.tif,abnormal,148,test,train,train,train,train,test,train,train,train,train,train,train,train,test,train,train,train,train,test,val,train,train,test,train,train
ds1_222,infocus/ds1_222.tif,ifzsum/ds1_222.tif,abnormal,138,train,test,train,val,train,train,val,train,train,test,train,test,val,val,val,train,train,test,train,train,test,train,val,train,train
ds1_223,infocus/ds1_223.tif,ifzsum/ds1_223.tif,normal,153,train,train,train,train,test,train,test,train,train,train,train,train,train,test,train,train,train,train,test,train,val,train,train,train,test
ds1_224,infocus/ds1_224.tif,ifzsum/ds1_224.tif,normal,138,train,train,test,train,train,test,train,train,train,train,test,train,train,train,val,train,val,train,train,test,train,val,val,test,val
ds1_225,infocus/ds1_225.tif,ifzsum/ds1_225.tif,abnormal,136,val,test,train,train,train,train,val,test,train,train,train,train,test,train,train,test,train,train,train,train,train,val,train,train,test
ds1_226,infocus/ds1_226.tif,ifzsum/ds1_226.tif,abnormal,140,test,train,train,val,train,val,val,train,test,train,test,train,train,train,train,train,val,train,val,test,train,test,train,train,train
ds1_227,infocus/ds1_227.tif,ifzsum/ds1_227.tif,abnormal,143,train,val,train,test,train,train,train,val,train,test,train,train,train,test,train,test,train,train,val,train,train,test,train,train,train
ds1_228,infocus/ds1_228.tif,ifzsum/ds1_228.tif,normal,140,train,test,train,train,train,test,train,train,train,val,train,train,test,val,train,train,val,val,train,test,train,test,val,train,train
ds1_229,infocus/ds1_229.tif,ifzsum/ds1_229.tif,normal,140,train,train,train,val,test,train,train,test,val,train,val,train,test,train,train,train,val,train,test,val,val,train,test,val,train
ds1_230,infocus/ds1_230.tif,ifzsum/ds1_230.tif,abnormal,150,train,train,train,val,test,val,val,train,val,test,train,train,test,train,train,train,test,train,train,train,train,train,train,test,train
ds1_231,infocus/ds1_231.tif,ifzsum/ds1_231.tif,normal,150,train,test,train,train,train,test,train,val,train,val,train,train,train,test,val,train,test,val,train,val,train,train,val,test,train
ds1_232,infocus/ds1_232.tif,ifzsum/ds1_232.tif,normal,123,train,train,test,val,train,train,train,train,test,train,val,train,test,train,train,train,val,train,test,train,test,val,val,train,train
ds1_233,infocus/ds1_233.tif,ifzsum/ds1_233.tif,abnormal,134,train,test,train,train,val,test,val,train,train,train,train,train,test,train,train,test,val,train,train,val,train,val,train,train,test
ds1_234,infocus/ds1_234.tif,ifzsum/ds1_234.tif,abnormal,134,test,val,train,train,train,train,train,val,train,test,val,train,train,val,test,train,train,train,train,test,train,test,train,train,train
ds1_235,infocus/ds1_235.tif,ifzsum/ds1_235.tif,abnormal,138,val,train,test,train,train,train,val,train,val,test,test,train,train,train,train,train,train,train,val,test,train,val,train,train,test
ds1_236,infocus/ds1_236.tif,ifzsum/ds1_236.tif,abnormal,117,val,train,train,test,train,train,test,train,train,train,val,train,train,train,test,val,test,train,train,train,train,test,val,train,val
ds1_237,infocus/ds1_237.tif,ifzsum/ds1_237.tif,abnormal,133,train,train,val,val,test,test,train,train,train,train,train,test,train,train,train,test,train,train,train,train,train,train,val,train,test
ds1_238,infocus/ds1_238.tif,ifzsum/ds1_238.tif,normal,120,test,train,train,train,train,train,val,val,train,test,test,train,train,train,train,train,test,val,train,train,val,val,test,train,val
ds1_239,infocus/ds1_239.tif,ifzsum/ds1_239.tif,normal,145,val,test,train,train,train,train,train,train,train,test,test,val,train,train,train,train,train,test,train,train,train,test,train,train,train
ds1_240,infocus/ds1_240.tif,ifzsum/ds1_240.tif,abnormal,144,val,test,train,val,train,train,train,test,train,train,test,train,train,train,train,train,train,test,train,train,train,train,train,val,test
ds1_241,infocus/ds1_241.tif,ifzsum/ds1_241.tif,abnormal,131,train,test,val,train,val,train,train,train,train,test,test,val,val,train,train,val,train,test,val,val,train,train,train,train,test
ds1_242,infocus/ds1_242.tif,ifzsum/ds1_242.tif,abnormal,120,test,train,train,val,train,train,train,test,train,train,val,val,train,test,train,train,val,test,train,train,train,train,train,test,train
ds1_243,infocus/ds1_243.tif,ifzsum/ds1_243.tif,abnormal,145,val,test,val,train,train,train,train,val,train,test,train,train,train,train,test,test,train,train,train,val,train,train,test,val,train
ds1_244,infocus/ds1_244.tif,ifzsum/ds1_244.tif,abnormal,135,train,test,train,val,train,train,test,train,train,train,test,val,train,val,train,train,train,test,train,val,train,test,train,val,train
ds1_245,infocus/ds1_245.tif,ifzsum/ds1_245.tif,abnormal,136,test,train,val,train,val,train,val,train,train,test,test,train,train,val,val,val,train,train,train,test,train,test,train,train,train
ds1_246,infocus/ds1_246.tif,ifzsum/ds1_246.tif,abnormal,136,train,train,test,val,val,test,val,train,train,val,train,train,test,train,train,test,train,val,train,train,train,train,train,train,test
ds1_247,infocus/ds1_247.tif,ifzsum/ds1_247.tif,abnormal,135,train,train,test,train,train,train,test,val,train,val,train,val,train,train,test,train,train,test,train,train,train,val,train,train,test
ds1_248,infocus/ds1_248.tif,ifzsum/ds1_248.tif,abnormal,141,val,val,test,train,train,train,test,train,train,train,val,test,train,train,train,test,train,val,train,train,val,train,test,train,train
ds1_249,infocus/ds1_249.tif,ifzsum/ds1_249.tif,abnormal,140,val,train,train,val,test,test,train,val,val,train,test,val,train,train,train,train,train,train,test,val,val,train,train,train,test
ds1_250,infocus/ds1_250.tif,ifzsum/ds1_250.tif,abnormal,140,train,train,train,test,train,test,train,train,val,train,train,val,train,test,train,train,val,test,train,train,train,test,val,train,train
ds1_251,infocus/ds1_251.tif,ifzsum/ds1_251.tif,abnormal,132,train,test,train,train,train,train,test,train,train,val,train,val,train,test,train,train,test,val,train,val,train,test,val,train,train
ds1_252,infocus/ds1_252.tif,ifzsum/ds1_252.tif,abnormal,133,train,train,train,val,test,test,train,train,train,train,train,train,test,train,train,train,train,train,val,test,train,val,train,train,test
ds1_253,infocus/ds1_253.tif,ifzsum/ds1_253.tif,normal,125,train,test,val,train,train,train,train,train,test,train,train,train,val,train,test,train,train,train,train,test,test,train,train,train,train
ds1_254,infocus/ds1_254.tif,ifzsum/ds1_254.tif,normal,137,test,val,train,train,val,train,train,test,train,train,train,train,train,train,test,train,test,train,val,val,test,train,train,train,val
ds1_255,infocus/ds1_255.tif,ifzsum/ds1_255.tif,abnormal,145,test,val,val,train,train,train,train,train,test,train,train,test,val,val,train,test,train,train,val,train,train,train,val,test,val
ds1_256,infocus/ds1_256.tif,ifzsum/ds1_256.tif,abnormal,144,train,train,train,test,train,train,test,train,val,val,val,train,test,val,train,test,train,train,train,train,train,val,train,train,test
ds1_257,infocus/ds1_257.tif,ifzsum/ds1_257.tif,normal,140,train,train,train,train,test,test,train,train,train,train,test,train,train,train,train,test,val,train,train,train,val,test,train,train,train
ds1_258,infocus/ds1_258.tif,ifzsum/ds1_258.tif,abnormal,134,train,val,val,test,train,train,train,val,train,test,val,train,test,val,train,train,train,train,test,train,train,test,train,train,train
ds1_259,infocus/ds1_259.tif,ifzsum/ds1_259.tif,abnormal,140,test,train,train,train,train,train,test,train,train,train,test,train,train,train,train,test,val,train,val,train,train,train,train,test,train
ds1_260,infocus/ds1_260.tif,ifzsum/ds1_260.tif,normal,140,test,train,train,train,train,train,test,train,val,train,train,train,test,train,val,train,train,test,train,train,train,train,test,train,train
ds1_261,infocus/ds1_261.tif,ifzsum/ds1_261.tif,abnormal,140,train,train,train,test,train,val,train,test,val,val,train,test,train,train,train,train,val,test,val,train,train,train,train,test,train
ds1_262,infocus/ds1_262.tif,ifzsum/ds1_262.tif,abnormal,144,val,train,train,test,train,train,train,val,train,test,train,train,train,test,train,test,val,train,train,train,train,train,test,train,train
ds1_263,infocus/ds1_263.tif,ifzsum/ds1_263.tif,abnormal,140,test,train,train,train,train,val,train,train,val,test,train,train,test,val,train,train,train,train,train,test,test,train,train,train,val
ds1_264,infocus/ds1_264.tif,ifzsum/ds1_264.tif,normal,136,test,train,train,train,train,train,train,test,train,val,val,train,test,train,train,test,val,val,train,train,test,val,train,train,train
ds1_265,infocus/ds1_265.tif,ifzsum/ds1_265.tif,abnormal,137,train,test,val,val,train,train,test,train,train,train,train,train,train,test,train,train,train,val,test,val,val,val,train,train,test
ds1_266,infocus/ds1_266.tif,ifzsum/ds1_266.tif,abnormal,136,val,val,train,test,train,train,train,train,test,train,train,train,test,train,train,train,train,val,train,test,train,train,train,test,val
ds1_267,infocus/ds1_267.tif,ifzsum/ds1_267.tif,normal,120,train,train,train,train,test,test,train,val,train,train,val,val,test,val,train,train,test,train,train,train,train,train,train,train,test
ds1_268,infocus/ds1_268.tif,ifzsum/ds1_268.tif,normal,153,train,train,train,train,test,val,train,train,train,test,val,test,train,train,train,val,train,train,train,test,test,train,train,train,train
ds1_269,infocus/ds1_269.tif,ifzsum/ds1_269.tif,abnormal,122,train,train,test,val,train,train,train,val,test,train,test,val,val,train,train,train,train,train,test,train,train,train,test,train,train
ds1_270,infocus/ds1_270.tif,ifzsum/ds1_270.tif,abnormal,143,train,train,train,test,train,train,val,train,train,test,train,test,train,train,val,train,train,val,test,val,train,test,train,train,train
ds1_271,infocus/ds1_271.tif,ifzsum/ds1_271.tif,abnormal,138,train,train,test,train,train,train,val,train,test,train,train,test,train,val,val,train,train,train,val,test,train,train,train,val,test
ds1_272,infocus/ds1_272.tif,ifzsum/ds1_272.tif,abnormal,138,train,train,train,train,test,train,test,train,val,train,train,train,train,val,test,train,train,test,train,train,train,train,test,train,train
ds1_273,infocus/ds1_273.tif,ifzsum/ds1_273.tif,abnormal,125,train,train,test,val,train,train,train,test,train,train,train,val,test,val,train,test,val,train,train,train,val,test,train,train,train
ds1_274,infocus/ds1_274.tif,ifzsum/ds1_274.tif,abnormal,130,test,val,train,train,train,test,val,train,train,val,train,test,train,train,val,val,val,test,train,train,train,train,test,train,train
ds1_275,infocus/ds1_275.tif,ifzsum/ds1_275.tif,abnormal,140,test,train,train,train,val,val,test,train,train,train,train,test,train,train,train,train,test,train,train,train,test,train,train,train,val
ds1_276,infocus/ds1_276.tif,ifzsum/ds1_276.tif,normal,150,train,train,train,test,train,train,test,train,train,val,train,train,val,val,test,train,val,test,val,val,train,train,val,test,train
ds1_277,infocus/ds1_277.tif,ifzsum/ds1_277.tif,abnormal,140,train,val,test,train,val,train,train,train,train,test,train,train,test,train,train,train,train,val,train,test,train,test,train,train,val
ds1_278,infocus/ds1_278.tif,ifzsum/ds1_278.tif,normal,114,val,train,train,train,test,train,test,train,train,train,test,train,train,train,val,train,test,train,train,train,train,test,train,train,val
ds1_279,infocus/ds1_279.tif,ifzsum/ds1_279.tif,normal,140,train,test,train,train,train,test,train,train,train,train,test,train,train,train,train,test,train,train,train,train,test,train,train,train,train
ds1_280,infocus/ds1_280.tif,ifzsum/ds1_280.tif,abnormal,146,train,train,train,test,train,train,train,train,test,train,train,test,train,train,train,train,train,train,train,test,train,train,test,train,train
ds1_281,infocus/ds1_281.tif,ifzsum/ds1_281.tif,abnormal,125,val,train,train,test,train,test,train,train,train,train,train,train,train,train,test,train,test,train,train,train,train,train,train,train,test
ds1_282,infocus/ds1_282.tif,ifzsum/ds1_282.tif,abnormal,131,train,test,train,train,train,test,val,val,train,train,train,train,test,train,train,train,test,val,train,train,test,train,train,train,train
ds1_283,infocus/ds1_283.tif,ifzsum/ds1_283.tif,abnormal,138,test,train,val,val,train,train,test,train,train,val,train,test,train,train,train,train,train,test,train,val,val,test,train,train,train
ds1_284,infocus/ds1_284.tif,ifzsum/ds1_284.tif,abnormal,121,train,test,train,train,train,val,val,train,val,test,val,train,train,test,train,train,val,train,test,val,train,train,train,test,train
ds1_285,infocus/ds1_285.tif,ifzsum/ds1_285.tif,abnormal,140,val,train,train,train,test,train,val,test,train,train,train,train,test,train,val,train,train,test,train,train,train,val,test,train,train
ds1_286,infocus/ds1_286.tif,ifzsum/ds1_286.tif,normal,153,train,val,train,test,train,train,test,train,train,train,val,train,val,test,val,train,train,train,train,test,train,train,train,val,test
ds1_287,infocus/ds1_287.tif,ifzsum/ds1_287.tif,abnormal,140,val,val,train,test,train,train,train,test,train,train,train,train,train,train,test,train,train,train,test,train,train,train,val,train,test
ds1_288,infocus/ds1_288.tif,ifzsum/ds1_288.tif,abnormal,142,train,test,train,val,train,test,train,train,train,train,train,train,test,train,train,train,train,train,train,test,train,train,train,test,train
ds1_289,infocus/ds1_289.tif,ifzsum/ds1_289.tif,abnormal,120,val,train,test,val,train,train,val,test,val,val,train,train,train,test,train,train,test,train,train,train,train,val,test,train,train
ds1_290,infocus/ds1_290.tif,ifzsum/ds1_290.tif,abnormal,142,val,test,train,train,val,test,val,train,val,train,train,train,train,test,train,test,train,train,train,train,test,train,train,train,train
ds1_291,infocus/ds1_291.tif,ifzsum/ds1_291.tif,abnormal,151,train,train,train,test,val,val,train,train,val,test,train,train,train,train,test,train,train,train,test,train,train,test,train,val,train
ds1_292,infocus/ds1_292.tif,ifzsum/ds1_292.tif,abnormal,144,test,train,val,train,train,train,train,train,train,test,train,val,test,val,train,train,train,train,test,train,train,test,train,train,train
ds1_293,infocus/ds1_293.tif,ifzsum/ds1_293.tif,abnormal,135,train,train,train,train,test,train,val,train,train,test,train,test,train,train,train,test,train,train,train,train,train,test,train,train,val
ds1_294,infocus/ds1_294.tif,ifzsum/ds1_294.tif,abnormal,121,train,train,test,train,train,train,train,test,train,val,train,train,train,train,test,val,val,train,train,test,train,test,train,val,val
ds1_295,infocus/ds1_295.tif,ifzsum/ds1_295.tif,normal,134,test,train,val,train,val,train,train,train,test,train,train,train,train,train,test,train,train,train,test,train,train,test,val,val,train
ds1_296,infocus/ds1_296.tif,ifzsum/ds1_296.tif,normal,153,train,test,train,val,val,train,train,test,train,train,test,train,train,train,train,test,val,train,val,train,train,train,test,train,train
ds1_297,infocus/ds1_297.tif,ifzsum/ds1_297.tif,abnormal,145,test,train,val,train,train,train,train,train,test,train,train,val,train,test,val,val,test,train,train,train,train,train,train,train,test
ds1_298,infocus/ds1_298.tif,ifzsum/ds1_298.tif,abnormal,121,train,train,test,train,train,train,val,train,test,train,val,test,val,val,val,train,train,train,train,test,val,val,test,train,train
ds1_299,infocus/ds1_299.tif,ifzsum/ds1_299.tif,abnormal,126,val,train,test,train,train,val,val,train,train,test,train,train,train,test,train,val,test,train,train,val,test,train,train,train,train
ds1_300,infocus/ds1_300.tif,ifzsum/ds1_300.tif,abnormal,140,train,val,train,train,test,test,train,train,val,train,test,train,train,train,train,train,train,train,test,train,test,train,train,train,val
ds1_301,infocus/ds1_301.tif,ifzsum/ds1_301.tif,abnormal,130,val,test,train,train,train,train,test,train,val,val,train,test,train,train,train,val,train,train,test,train,train,test,train,train,train
ds1_302,infocus/ds1_302.tif,ifzsum/ds1_302.tif,abnormal,119,train,train,train,train,test,train,train,test,val,train,train,train,train,test,val,val,train,train,test,train,train,test,train,train,train
ds1_303,infocus/ds1_303.tif,ifzsum/ds1_303.tif,abnormal,143,train,test,val,train,train,train,train,train,test,val,val,train,train,test,val,test,val,train,train,train,train,train,train,test,train
ds1_304,infocus/ds1_304.tif,ifzsum/ds1_304.tif,abnormal,142,train,train,train,test,train,train,train,test,train,train,test,val,train,val,train,train,train,train,test,train,train,test,train,train,train
ds1_305,infocus/ds1_305.tif,ifzsum/ds1_305.tif,abnormal,143,train,train,val,test,val,train,test,train,train,train,train,train,val,test,train,train,train,val,test,val,train,test,val,val,train
ds2_000,infocus/ds2_000.tif,ifzsum/ds2_000.tif,normal,137,val,train,train,test,train,train,train,test,val,train,val,train,val,train,test,train,train,val,test,train,train,test,train,train,train
ds2_001,infocus/ds2_001.tif,ifzsum/ds2_001.tif,abnormal,150,train,val,train,train,test,train,train,test,train,train,train,train,test,train,val,train,train,test,train,val,val,val,test,train,val
ds2_002,infocus/ds2_002.tif,ifzsum/ds2_002.tif,abnormal,115,train,train,val,test,train,test,train,train,train,train,train,val,test,train,train,train,test,train,train,train,train,train,train,val,test
ds2_003,infocus/ds2_003.tif,ifzsum/ds2_003.tif,abnormal,113,train,test,train,train,train,val,train,test,train,train,test,val,val,val,train,test,val,train,train,train,train,test,train,train,val
ds2_004,infocus/ds2_004.tif,ifzsum/ds2_004.tif,normal,153,train,train,test,val,train,train,train,train,train,test,val,train,train,test,train,val,train,train,train,test,train,train,train,train,test
ds2_005,infocus/ds2_005.tif,ifzsum/ds2_005.tif,abnormal,131,train,val,test,train,train,train,train,train,test,train,train,train,train,test,train,test,train,val,val,train,val,train,train,train,test
ds2_006,infocus/ds2_006.tif,ifzsum/ds2_006.tif,abnormal,147,train,test,val,train,train,train,train,test,train,train,train,train,train,train,test,train,val,test,train,train,train,train,train,test,val
ds2_007,infocus/ds2_007.tif,ifzsum/ds2_007.tif,normal,127,train,train,train,val,test,train,test,train,val,train,test,train,train,train,train,train,val,test,train,train,train,val,val,test,train
ds2_008,infocus/ds2_008.tif,ifzsum/ds2_008.tif,normal,120,train,val,train,train,test,train,train,test,train,train,val,train,train,test,train,train,train,test,val,val,test,train,train,train,train
ds2_009,infocus/ds2_009.tif,ifzsum/ds2_009.tif,abnormal,125,val,train,val,test,train,val,test,train,train,train,train,train,train,train,test,train,train,train,train,test,train,train,train,val,test
ds2_010,infocus/ds2_010.tif,ifzsum/ds2_010.tif,abnormal,148,test,train,train,train,train,train,train,test,train,train,val,train,train,val,test,train,train,val,train,test,train,train,train,test,train
ds2_011,infocus/ds2_011.tif,ifzsum/ds2_011.tif,abnormal,146,train,val,train,val,test,test,train,train,train,val,val,test,train,train,train,val,train,train,test,train,train,train,train,train,test
ds2_012,infocus/ds2_012.tif,ifzsum/ds2_012.tif,abnormal,122,train,test,train,train,train,train,train,test,train,train,train,train,train,train,test,train,train,train,val,test,test,train,train,val,train
ds2_013,infocus/ds2_013.tif,ifzsum/ds2_013.tif,abnormal,130,train,train,test,train,train,train,train,test,train,train,train,train,train,train,test,train,val,train,test,train,train,test,train,val,train
ds2_014,infocus/ds2_014.tif,ifzsum/ds2_014.tif,abnormal,137,train,val,test,train,val,val,test,val,train,train,train,train,test,train,train,train,train,test,train,train,train,train,test,val,train
ds2_015,infocus/ds2_015.tif,ifzsum/ds2_015.tif,normal,153,train,train,train,test,val,val,val,train,val,test,train,train,train,test,train,train,val,test,train,train,val,train,val,val,test
ds2_016,infocus/ds2_016.tif,ifzsum/ds2_016.tif,abnormal,140,train,test,train,val,train,val,val,train,test,train,train,val,train,test,train,train,val,train,test,train,train,val,train,train,test
ds2_017,infocus/ds2_017.tif,ifzsum/ds2_017.tif,abnormal,152,train,val,train,test,train,test,train,train,train,train,test,val,train,val,train,train,train,val,test,val,train,test,train,train,train
ds2_018,infocus/ds2_018.tif,ifzsum/ds2_018.tif,abnormal,128,train,train,test,train,val,train,test,train,train,train,train,val,train,test,train,val,test,train,train,train,train,train,train,train,test
ds2_019,infocus/ds2_019.tif,ifzsum/ds2_019.tif,abnormal,126,train,train,val,test,train,train,train,train,train,test,train,train,train,test,train,train,train,train,test,train,train,test,train,train,train
ds2_020,infocus/ds2_020.tif,ifzsum/ds2_020.tif,abnormal,138,train,train,val,train,test,test,train,train,train,val,val,train,val,test,val,train,test,train,train,train,train,train,train,test,val
ds2_021,infocus/ds2_021.tif,ifzsum/ds2_021.tif,abnormal,127,test,train,val,val,train,train,test,val,train,train,test,train,train,train,train,train,val,train,val,test,train,train,train,train,test
ds2_022,infocus/ds2_022.tif,ifzsum/ds2_022.tif,abnormal,151,train,train,test,train,train,val,train,test,val,train,train,train,test,train,val,val,train,train,train,test,val,train,val,test,train
ds2_023,infocus/ds2_023.tif,ifzsum/ds2_023.tif,abnormal,140,train,train,train,val,test,val,train,train,train,test,train,test,train,train,train,val,test,train,train,train,val,val,test,train,train
ds2_024,infocus/ds2_024.tif,ifzsum/ds2_024.tif,abnormal,129,val,test,train,train,train,train,test,train,val,train,train,train,test,train,train,test,train,train,train,train,train,val,train,train,test
ds2_025,infocus/ds2_025.tif,ifzsum/ds2_025.tif,abnormal,136,train,train,test,train,val,train,train,test,train,train,val,train,train,train,test,val,test,train,train,train,val,train,train,train,test
ds2_026,infocus/ds2_026.tif,ifzsum/ds2_026.tif,abnormal,145,val,train,test,train,train,train,train,test,train,val,train,val,val,val,test,test,train,val,train,val,train,train,train,train,test
ds2_027,infocus/ds2_027.tif,ifzsum/ds2_027.tif,abnormal,127,train,test,train,train,train,train,val,train,train,test,train,train,test,train,train,test,val,train,train,train,train,val,val,train,test
ds2_028,infocus/ds2_028.tif,ifzsum/ds2_028.tif,abnormal,139,train,test,train,train,val,train,train,val,test,train,train,train,test,train,train,val,train,test,val,train,val,train,train,train,test
ds2_029,infocus/ds2_029.tif,ifzsum/ds2_029.tif,abnormal,126,val,test,train,train,train,train,test,train,train,val,train,test,val,train,train,val,val,train,train,test,val,test,val,train,train
ds2_030,infocus/ds2_030.tif,ifzsum/ds2_030.tif,abnormal,145,val,train,test,val,train,val,train,train,train,test,train,train,test,train,train,train,val,test,val,train,train,train,test,val,train
ds2_031,infocus/ds2_031.tif,ifzsum/ds2_031.tif,normal,120,test,train,train,train,train,train,val,train,test,train,train,val,test,train,train,train,train,test,train,train,train,train,train,test,train
ds2_032,infocus/ds2_032.tif,ifzsum/ds2_032.tif,normal,153,train,test,val,train,train,val,train,test,train,val,train,train,test,val,val,test,train,train,train,val,test,train,val,train,train
ds2_033,infocus/ds2_033.tif,ifzsum/ds2_033.tif,abnormal,136,train,test,train,train,val,test,train,train,train,val,train,train,val,train,test,train,test,train,train,train,train,val,test,val,val
ds2_034,infocus/ds2_034.tif,ifzsum/ds2_034.tif,abnormal,150,test,val,train,train,train,train,train,test,train,train,val,test,val,train,train,val,train,train,test,train,train,val,train,test,train
ds2_035,infocus/ds2_035.tif,ifzsum/ds2_035.tif,abnormal,145,test,train,train,train,train,val,test,val,train,train,train,test,train,val,train,train,train,val,test,train,train,train,train,train,test
ds2_036,infocus/ds2_036.tif,ifzsum/ds2_036.tif,abnormal,150,train,train,train,val,test,train,test,train,train,train,val,train,train,test,train,train,train,val,train,test,val,train,train,val,test
ds2_037,infocus/ds2_037.tif,ifzsum/ds2_037.tif,normal,153,test,val,train,train,train,train,val,test,train,train,val,test,train,train,val,train,train,test,train,train,train,test,train,train,val
ds2_038,infocus/ds2_038.tif,ifzsum/ds2_038.tif,abnormal,133,train,val,train,train,test,test,train,val,train,train,train,test,val,val,train,val,train,test,train,val,val,test,train,train,train
ds2_039,infocus/ds2_039.tif,ifzsum/ds2_039.tif,abnormal,129,train,val,test,train,train,train,train,train,train,test,train,train,train,test,train,train,train,test,train,val,train,train,val,test,train
ds2_040,infocus/ds2_040.tif,ifzsum/ds2_040.tif,abnormal,131,train,train,test,train,val,train,train,train,test,train,train,train,train,val,test,train,train,train,train,test,train,test,train,train,train
ds2_041,infocus/ds2_041.tif,ifzsum/ds2_041.tif,abnormal,140,train,val,test,train,val,val,test,train,train,train,test,train,val,train,train,val,train,test,train,train,train,train,train,train,test
ds2_042,infocus/ds2_042.tif,ifzsum/ds2_042.tif,abnormal,133,train,val,train,train,test,train,test,train,val,train,test,train,val,train,train,val,test,train,val,train,val,train,train,val,test
ds2_043,infocus/ds2_043.tif,ifzsum/ds2_043.tif,normal,153,train,train,train,test,train,val,test,val,train,train,train,train,test,val,val,train,val,test,train,train,train,train,test,train,train
ds2_044,infocus/ds2_044.tif,ifzsum/ds2_044.tif,normal,153,test,val,train,train,train,train,test,train,train,train,train,train,train,val,test,train,train,train,test,train,train,train,train,test,train
ds2_045,infocus/ds2_045.tif,ifzsum/ds2_045.tif,abnormal,140,train,train,test,train,train,train,train,test,train,train,train,train,val,test,val,val,test,train,train,train,test,train,val,train,train
ds2_046,infocus/ds2_046.tif,ifzsum/ds2_046.tif,abnormal,140,train,train,train,train,test,train,train,train,train,test,train,train,train,test,train,test,train,train,train,train,train,train,test,train,train
ds2_047,infocus/ds2_047.tif,ifzsum/ds2_047.tif,abnormal,132,val,train,test,train,train,train,train,train,test,train,train,val,train,test,train,val,test,train,val,train,val,train,test,train,train
ds2_048,infocus/ds2_048.tif,ifzsum/ds2_048.tif,normal,130,train,test,train,train,train,train,train,test,val,train,test,train,val,train,val,train,train,train,train,test,test,train,train,train,train
ds2_049,infocus/ds2_049.tif,ifzsum/ds2_049.tif,normal,129,test,train,val,train,train,test,train,val,train,val,train,train,test,val,train,train,train,val,train,test,train,train,train,train,test
ds2_050,infocus/ds2_050.tif,ifzsum/ds2_050.tif,normal,150,train,test,train,val,train,train,train,train,train,test,test,train,val,train,train,val,train,train,test,val,train,val,train,test,train
ds2_051,infocus/ds2_051.tif,ifzsum/ds2_051.tif,abnormal,139,val,train,test,val,train,val,val,train,test,train,val,test,train,val,val,train,train,test,train,val,train,train,train,train,test
ds2_052,infocus/ds2_052.tif,ifzsum/ds2_052.tif,abnormal,149,train,train,train,test,train,train,test,train,train,val,val,test,train,train,train,train,val,test,train,train,train,test,train,train,train
ds2_053,infocus/ds2_053.tif,ifzsum/ds2_053.tif,abnormal,143,test,train,train,train,train,train,val,train,test,val,train,train,val,train,test,train,train,val,test,train,val,train,train,train,test
ds2_054,infocus/ds2_054.tif,ifzsum/ds2_054.tif,abnormal,134,val,train,train,test,val,test,train,train,train,train,test,val,train,train,train,val,val,test,train,val,train,test,train,train,train
ds2_055,infocus/ds2_055.tif,ifzsum/ds2_055.tif,abnormal,146,test,train,train,train,train,train,val,test,train,train,test,val,train,val,train,train,test,train,train,train,train,train,train,train,test
ds2_056,infocus/ds2_056.tif,ifzsum/ds2_056.tif,abnormal,141,train,test,train,train,train,train,test,train,val,train,train,test,train,train,val,train,train,test,train,train,train,test,train,val,train
ds2_057,infocus/ds2_057.tif,ifzsum/ds2_057.tif,abnormal,143,train,test,train,train,train,test,train,train,train,val,train,train,train,test,train,train,val,train,val,test,train,train,train,train,test
ds2_058,infocus/ds2_058.tif,ifzsum/ds2_058.tif,abnormal,141,test,train,train,train,train,train,train,test,train,train,val,train,val,train,test,val,train,train,train,test,train,val,train,test,train
ds2_059,infocus/ds2_059.tif,ifzsum/ds2_059.tif,abnormal,138,train,val,test,train,train,test,train,val,train,train,val,test,train,train,train,train,train,train,test,train,train,train,val,train,test
ds2_060,infocus/ds2_060.tif,ifzsum/ds2_060.tif,normal,135,train,train,test,train,train,train,test,train,train,train,val,train,test,val,train,train,train,train,train,test,test,val,train,train,train
ds2_061,infocus/ds2_061.tif,ifzsum/ds2_061.tif,abnormal,136,train,train,train,val,test,train,val,test,train,train,train,test,train,train,train,test,train,train,val,val,train,test,train,train,train
ds2_062,infocus/ds2_062.tif,ifzsum/ds2_062.tif,abnormal,124,val,val,train,train,test,train,train,train,test,train,val,train,train,test,train,train,test,val,train,val,train,val,val,test,train
ds2_063,infocus/ds2_063.tif,ifzsum/ds2_063.tif,abnormal,140,val,train,test,train,train,test,train,train,train,train,train,test,val,val,val,val,train,test,val,train,val,test,train,train,train
ds2_064,infocus/ds2_064.tif,ifzsum/ds2_064.tif,normal,153,train,train,train,test,train,test,train,train,train,train,test,train,train,train,train,train,train,train,train,test,train,train,train,test,train
ds2_065,infocus/ds2_065.tif,ifzsum/ds2_065.tif,abnormal,129,train,test,train,val,train,val,train,test,train,train,train,val,test,train,train,train,train,train,train,test,test,val,train,val,train
ds2_066,infocus/ds2_066.tif,ifzsum/ds2_066.tif,abnormal,146,train,train,test,val,train,train,train,test,train,val,val,train,test,train,train,train,test,train,train,val,train,train,train,test,train
ds2_067,infocus/ds2_067.tif,ifzsum/ds2_067.tif,abnormal,132,train,val,test,train,train,train,train,train,test,train,train,test,train,train,train,train,train,train,test,train,train,train,train,val,test
ds2_068,infocus/ds2_068.tif,ifzsum/ds2_068.tif,abnormal,143,test,train,train,train,train,val,val,train,test,train,train,test,train,train,val,train,train,train,train,test,train,train,val,test,val
ds2_069,infocus/ds2_069.tif,ifzsum/ds2_069.tif,normal,153,train,train,val,train,test,train,val,train,train,test,train,test,val,train,val,train,val,train,train,test,test,train,train,train,val
ds2_070,infocus/ds2_070.tif,ifzsum/ds2_070.tif,normal,153,test,train,train,train,train,train,val,train,test,train,train,train,train,train,test,train,test,train,train,train,train,test,train,train,train
ds2_071,infocus/ds2_071.tif,ifzsum/ds2_071.tif,abnormal,145,train,train,test,train,train,train,test,val,train,train,train,train,test,train,train,train,train,train,val,test,val,val,train,test,train
ds2_072,infocus/ds2_072.tif,ifzsum/ds2_072.tif,abnormal,152,test,train,train,train,train,train,test,train,train,train,val,val,train,test,train,val,test,train,train,val,test,train,train,val,train
ds2_073,infocus/ds2_073.tif,ifzsum/ds2_073.tif,abnormal,152,train,train,train,test,train,train,train,test,val,train,train,train,test,train,train,test,train,val,train,train,test,train,train,train,train
ds2_074,infocus/ds2_074.tif,ifzsum/ds2_074.tif,abnormal,140,test,train,val,train,train,test,train,train,train,val,val,train,train,train,test,test,val,train,val,train,train,test,train,train,train
ds2_075,infocus/ds2_075.tif,ifzsum/ds2_075.tif,abnormal,138,test,val,val,train,train,test,train,train,train,train,test,train,train,val,train,train,train,test,train,train,test,val,train,train,train
ds2_076,infocus/ds2_076.tif,ifzsum/ds2_076.tif,abnormal,149,test,train,train,train,train,train,val,train,train,test,train,test,val,train,val,train,train,train,train,test,train,train,test,train,train
ds2_077,infocus/ds2_077.tif,ifzsum/ds2_077.tif,abnormal,140,train,train,test,train,train,train,train,train,test,train,test,train,val,train,train,val,test,val,val,train,val,train,test,train,train
ds2_078,infocus/ds2_078.tif,ifzsum/ds2_078.tif,abnormal,118,train,train,val,train,test,val,train,test,train,val,train,test,train,train,train,train,test,train,train,train,val,test,train,train,train
ds2_079,infocus/ds2_079.tif,ifzsum/ds2_079.tif,abnormal,122,train,train,train,test,val,train,train,test,train,train,train,val,train,test,train,train,train,val,train,test,train,train,test,train,train
ds2_080,infocus/ds2_080.tif,ifzsum/ds2_080.tif,abnormal,140,train,train,test,train,train,test,val,train,train,train,train,train,train,train,test,train,train,train,test,val,train,train,test,train,train
ds2_081,infocus/ds2_081.tif,ifzsum/ds2_081.tif,abnormal,139,train,train,train,test,train,train,test,train,train,train,train,test,train,train,train,test,train,train,train,train,train,test,train,train,train
ds2_082,infocus/ds2_082.tif,ifzsum/ds2_082.tif,abnormal,119,train,test,train,val,train,val,train,train,train,test,train,train,test,train,train,train,train,train,train,test,train,train,test,train,val
ds2_083,infocus/ds2_083.tif,ifzsum/ds2_083.tif,normal,153,train,train,train,test,train,test,val,train,train,train,train,train,test,train,train,train,train,train,test,train,train,test,train,train,train
ds2_084,infocus/ds2_084.tif,ifzsum/ds2_084.tif,abnormal,131,train,train,train,test,train,train,train,test,val,train,train,train,train,train,test,val,test,train,train,val,val,train,train,test,val
ds2_085,infocus/ds2_085.tif,ifzsum/ds2_085.tif,abnormal,133,val,train,test,train,train,train,train,test,train,val,val,test,train,train,train,test,train,train,train,train,train,train,train,test,train
ds2_086,infocus/ds2_086.tif,ifzsum/ds2_086.tif,abnormal,126,test,train,train,train,train,train,test,train,train,train,train,train,test,train,train,val,test,train,train,val,train,test,train,val,train
ds2_087,infocus/ds2_087.tif,ifzsum/ds2_087.tif,abnormal,123,train,train,test,train,train,test,val,train,train,train,test,val,train,train,train,train,train,val,train,test,train,train,train,train,test
ds2_088,infocus/ds2_088.tif,ifzsum/ds2_088.tif,abnormal,123,train,train,train,val,test,train,train,train,test,train,train,test,train,train,train,train,test,train,train,train,test,train,train,val,train
ds2_089,infocus/ds2_089.tif,ifzsum/ds2_089.tif,abnormal,149,test,train,train,train,train,val,train,val,test,train,train,train,train,train,test,train,train,train,test,train,train,train,train,train,test
ds2_090,infocus/ds2_090.tif,ifzsum/ds2_090.tif,abnormal,122,train,train,train,train,test,val,train,test,train,train,test,train,val,train,train,train,train,val,test,train,train,train,test,train,train
ds2_091,infocus/ds2_091.tif,ifzsum/ds2_091.tif,abnormal,128,test,train,train,train,val,train,train,train,train,test,test,train,train,val,val,val,test,val,train,train,train,test,train,train,val
ds2_092,infocus/ds2_092.tif,ifzsum/ds2_092.tif,abnormal,120,test,train,train,train,train,train,train,test,train,train,train,val,test,train,val,train,train,test,train,train,train,train,test,train,train
ds2_093,infocus/ds2_093.tif,ifzsum/ds2_093.tif,abnormal,149,train,train,train,train,test,train,train,train,test,train,train,val,test,train,train,train,train,train,test,train,train,train,train,test,train
ds2_094,infocus/ds2_094.tif,ifzsum/ds2_094.tif,normal,153,train,train,train,test,train,val,val,val,test,train,train,train,val,test,val,test,val,val,train,train,test,train,val,train,val
ds2_095,infocus/ds2_095.tif,ifzsum/ds2_095.tif,abnormal,124,train,test,train,val,train,train,test,train,train,train,train,val,train,test,val,train,train,train,val,test,train,train,train,test,val
ds2_096,infocus/ds2_096.tif,ifzsum/ds2_096.tif,normal,153,train,train,test,train,train,train,train,test,train,val,train,train,test,train,train,train,train,train,test,train,train,train,train,train,test
ds2_097,infocus/ds2_097.tif,ifzsum/ds2_097.tif,abnormal,109,train,val,test,train,train,train,train,test,train,train,test,train,train,train,train,train,val,val,test,train,train,train,train,test,train
ds2_098,infocus/ds2_098.tif,ifzsum/ds2_098.tif,abnormal,145,train,test,val,train,val,train,test,train,train,train,test,train,train,train,val,test,train,val,train,val,train,train,train,test,train
ds2_099,infocus/ds2_099.tif,ifzsum/ds2_099.tif,abnormal,133,test,train,train,train,train,train,train,train,train,test,train,train,train,test,train,train,train,train,val,test,train,train,train,test,train
ds2_100,infocus/ds2_100.tif,ifzsum/ds2_100.tif,normal,153,train,train,train,test,train,train,train,train,train,test,train,train,train,test,val,train,train,test,train,train,train,train,train,test,train
ds2_101,infocus/ds2_101.tif,ifzsum/ds2_101.tif,normal,153,train,test,train,train,train,train,val,train,train,test,train,val,train,train,test,val,train,test,train,train,train,train,test,val,train
ds2_102,infocus/ds2_102.tif,ifzsum/ds2_102.tif,abnormal,148,train,train,train,train,test,train,train,test,train,train,train,train,test,val,train,train,test,train,train,train,train,test,train,train,val
ds2_103,infocus/ds2_103.tif,ifzsum/ds2_103.tif,normal,153,test,val,train,train,train,train,val,train,test,train,train,train,val,train,test,train,train,train,train,test,train,test,train,val,val
ds2_104,infocus/ds2_104.tif,ifzsum/ds2_104.tif,abnormal,143,test,train,train,train,train,val,test,train,train,val,train,train,test,train,train,train,train,train,train,test,train,train,train,train,test
ds2_105,infocus/ds2_105.tif,ifzsum/ds2_105.tif,abnormal,146,test,train,train,train,train,test,train,val,train,train,train,test,val,train,train,test,val,train,train,train,train,test,train,train,train
ds2_106,infocus/ds2_106.tif,ifzsum/ds2_106.tif,abnormal,125,test,train,train,val,train,train,test,train,train,val,test,train,train,train,train,test,train,train,train,train,train,train,train,val,test
ds2_107,infocus/ds2_107.tif,ifzsum/ds2_107.tif,normal,120,train,val,test,train,val,train,test,train,train,train,test,train,train,val,train,train,test,val,train,train,train,val,train,train,test
ds2_108,infocus/ds2_108.tif,ifzsum/ds2_108.tif,abnormal,144,train,train,train,test,train,train,test,val,train,train,val,train,train,test,val,train,val,train,test,train,train,test,train,train,train
ds2_109,infocus/ds2_109.tif,ifzsum/ds2_109.tif,abnormal,140,train,val,train,test,train,test,train,val,train,train,val,test,train,val,train,train,train,test,val,train,test,train,train,val,val
ds2_110,infocus/ds2_110.tif,ifzsum/ds2_110.tif,abnormal,143,test,train,train,train,train,train,test,train,train,train,train,train,train,test,train,train,train,train,test,train,test,train,train,train,val
ds2_111,infocus/ds2_111.tif,ifzsum/ds2_111.tif,abnormal,145,train,train,val,train,test,val,train,val,test,train,train,val,val,val,test,train,test,train,train,train,train,train,train,test,train
ds2_112,infocus/ds2_112.tif,ifzsum/ds2_112.tif,abnormal,126,train,train,train,test,train,train,test,train,train,train,test,val,train,train,train,val,train,train,train,test,val,train,train,test,val
ds2_113,infocus/ds2_113.tif,ifzsum/ds2_113.tif,abnormal,152,train,test,train,train,train,test,train,train,train,train,train,train,test,train,train,train,train,val,test,train,train,train,train,test,train
ds2_114,infocus/ds2_114.tif,ifzsum/ds2_114.tif,abnormal,110,test,train,train,val,train,test,train,train,train,train,train,train,val,train,test,train,train,val,train,test,train,test,train,train,train
ds2_115,infocus/ds2_115.tif,ifzsum/ds2_115.tif,abnormal,123,val,test,train,train,train,train,train,test,train,train,test,train,train,train,train,val,test,train,val,train,train,train,train,test,train
ds2_116,infocus/ds2_116.tif,ifzsum/ds2_116.tif,abnormal,150,test,train,train,train,val,val,train,train,train,test,val,train,train,val,test,train,val,test,val,train,train,train,test,train,train
ds2_117,infocus/ds2_117.tif,ifzsum/ds2_117.tif,abnormal,132,test,val,val,train,train,train,val,train,test,train,val,train,train,test,train,train,train,val,test,train,train,train,train,test,train
ds2_118,infocus/ds2_118.tif,ifzsum/ds2_118.tif,normal,137,train,val,train,test,train,train,train,train,test,train,train,val,test,train,train,train,test,val,train,train,train,train,train,train,test
ds2_119,infocus/ds2_119.tif,ifzsum/ds2_119.tif,abnormal,122,train,test,val,train,train,test,val,train,val,train,val,test,val,train,val,train,train,train,test,val,train,train,test,train,train
ds2_120,infocus/ds2_120.tif,ifzsum/ds2_120.tif,abnormal,136,train,test,train,val,train,train,train,train,test,train,train,test,val,val,val,train,test,train,train,train,train,test,train,train,train
ds2_121,infocus/ds2_121.tif,ifzsum/ds2_121.tif,abnormal,134,train,test,train,train,train,train,train,train,train,test,train,test,train,train,train,test,val,val,val,val,test,val,train,train,train
ds2_122,infocus/ds2_122.tif,ifzsum/ds2_122.tif,abnormal,121,train,test,train,train,train,val,train,train,val,test,train,test,val,train,train,train,train,val,test,val,train,val,train,test,train
ds2_123,infocus/ds2_123.tif,ifzsum/ds2_123.tif,abnormal,132,train,train,train,test,val,test,val,train,train,val,val,test,val,val,train,train,test,train,train,train,train,val,test,train,train
ds2_124,infocus/ds2_124.tif,ifzsum/ds2_124.tif,abnormal,119,val,val,train,train,test,train,train,train,train,test,train,test,val,val,train,train,train,test,val,train,val,train,train,test,train
ds2_125,infocus/ds2_125.tif,ifzsum/ds2_125.tif,normal,153,val,train,train,train,test,train,train,train,test,val,train,val,test,val,train,train,train,train,test,train,train,val,train,train,test
ds2_126,infocus/ds2_126.tif,ifzsum/ds2_126.tif,normal,153,train,train,train,train,test,val,test,train,train,train,train,test,train,train,train,test,train,train,val,val,val,test,train,train,train
ds2_127,infocus/ds2_127.tif,ifzsum/ds2_127.tif,normal,153,val,train,train,test,train,test,train,val,train,train,test,train,train,train,train,train,train,val,test,train,train,train,val,train,test
ds2_128,infocus/ds2_128.tif,ifzsum/ds2_128.tif,abnormal,136,train,train,train,train,test,val,train,train,test,train,val,val,test,train,train,train,train,train,train,test,train,val,train,train,test
ds2_129,infocus/ds2_129.tif,ifzsum/ds2_129.tif,abnormal,133,train,train,test,train,train,train,train,val,test,train,train,val,train,test,train,train,train,train,train,test,test,train,train,train,train
ds2_130,infocus/ds2_130.tif,ifzsum/ds2_130.tif,abnormal,135,train,train,val,train,test,val,val,train,test,train,train,val,val,train,test,train,train,train,train,test,val,test,train,train,train
ds2_131,infocus/ds2_131.tif,ifzsum/ds2_131.tif,abnormal,142,train,train,test,train,train,train,train,train,train,test,train,train,train,train,test,train,train,train,train,test,test,train,train,train,train
ds2_132,infocus/ds2_132.tif,ifzsum/ds2_132.tif,abnormal,138,val,test,train,train,val,val,train,train,test,train,test,train,train,train,train,train,train,test,train,train,test,train,train,train,train
ds2_133,infocus/ds2_133.tif,ifzsum/ds2_133.tif,abnormal,141,train,train,test,val,val,train,train,test,train,train,train,train,train,test,train,train,train,val,test,train,val,train,val,test,train
ds2_134,infocus/ds2_134.tif,ifzsum/ds2_134.tif,abnormal,134,val,test,train,train,train,train,train,train,train,test,train,test,train,train,train,train,train,test,train,val,val,train,test,train,val
ds2_135,infocus/ds2_135.tif,ifzsum/ds2_135.tif,normal,153,train,train,train,train,test,train,val,test,train,train,train,train,train,train,test,train,train,train,train,test,val,train,test,train,val
ds2_136,infocus/ds2_136.tif,ifzsum/ds2_136.tif,abnormal,140,train,train,test,val,train,train,train,val,test,train,train,train,train,test,train,val,train,test,val,train,train,val,train,test,val
ds2_137,infocus/ds2_137.tif,ifzsum/ds2_137.tif,normal,153,train,train,train,train,test,train,train,test,val,train,test,train,val,train,train,train,train,train,train,test,train,test,train,train,train
ds2_138,infocus/ds2_138.tif,ifzsum/ds2_138.tif,abnormal,140,test,train,train,train,train,train,train,train,train,test,train,train,test,train,train,train,train,train,test,train,train,val,train,train,test
ds2_139,infocus/ds2_139.tif,ifzsum/ds2_139.tif,abnormal,134,val,train,test,train,train,test,train,val,train,train,test,train,train,val,train,train,train,train,val,test,train,test,train,train,train
ds2_140,infocus/ds2_140.tif,ifzsum/ds2_140.tif,abnormal,146,val,test,val,train,train,val,train,train,test,val,train,train,train,test,train,train,train,val,train,test,train,train,test,val,val
ds2_141,infocus/ds2_141.tif,ifzsum/ds2_141.tif,abnormal,125,train,train,train,test,train,train,train,test,train,train,train,train,test,train,train,train,train,train,test,val,test,train,train,train,train
ds2_142,infocus/ds2_142.tif,ifzsum/ds2_142.tif,abnormal,140,train,train,test,train,train,test,train,val,train,train,train,train,test,train,train,train,val,test,val,train,train,train,train,test,train
ds2_143,infocus/ds2_143.tif,ifzsum/ds2_143.tif,normal,147,train,test,train,val,train,train,train,train,val,test,test,train,train,train,train,train,val,val,test,val,train,val,test,train,train
ds2_144,infocus/ds2_144.tif,ifzsum/ds2_144.tif,abnormal,144,train,test,train,train,train,val,train,train,train,test,train,train,test,train,train,train,train,test,train,train,train,train,train,test,train
ds2_145,infocus/ds2_145.tif,ifzsum/ds2_145.tif,normal,115,train,train,test,train,train,val,test,train,train,train,train,val,test,train,val,train,train,test,val,train,train,train,train,train,test
ds2_146,infocus/ds2_146.tif,ifzsum/ds2_146.tif,abnormal,133,test,train,train,val,train,val,val,test,train,train,train,train,train,train,test,test,train,train,val,train,val,test,train,val,train
ds2_147,infocus/ds2_147.tif,ifzsum/ds2_147.tif,abnormal,146,test,val,train,train,train,train,train,test,train,train,train,train,val,train,test,train,train,val,test,train,train,train,train,train,test
ds2_148,infocus/ds2_148.tif,ifzsum/ds2_148.tif,abnormal,140,train,val,train,test,val,test,train,train,train,train,val,test,train,val,train,train,test,train,val,train,train,test,train,train,val
ds2_149,infocus/ds2_149.tif,ifzsum/ds2_149.tif,normal,135,test,train,train,train,val,train,train,test,train,train,val,test,train,train,train,test,train,train,val,train,train,train,val,test,train
ds2_150,infocus/ds2_150.tif,ifzsum/ds2_150.tif,normal,145,train,train,train,test,val,train,train,train,train,test,val,test,train,train,train,val,test,train,train,train,train,val,train,train,test
ds2_151,infocus/ds2_151.tif,ifzsum/ds2_151.tif,abnormal,144,train,test,train,train,val,val,test,train,train,train,train,train,train,val,test,test,train,train,train,val,train,train,train,train,test
ds2_152,infocus/ds2_152.tif,ifzsum/ds2_152.tif,abnormal,124,train,test,train,train,train,test,val,train,train,val,train,train,train,test,train,test,train,train,val,train,train,train,train,train,test
ds2_153,infocus/ds2_153.tif,ifzsum/ds2_153.tif,normal,153,test,val,val,val,train,train,train,test,train,train,train,train,train,test,val,train,train,train,train,test,train,test,train,train,train
ds2_154,infocus/ds2_154.tif,ifzsum/ds2_154.tif,abnormal,109,train,train,train,test,train,train,train,train,test,val,train,val,train,test,train,train,test,train,val,train,train,train,test,val,train
ds2_155,infocus/ds2_155.tif,ifzsum/ds2_155.tif,abnormal,120,train,test,train,train,train,train,val,train,train,test,train,test,train,train,val,train,train,train,test,train,train,val,train,train,test
ds2_156,infocus/ds2_156.tif,ifzsum/ds2_156.tif,abnormal,133,train,train,test,train,train,train,val,train,test,train,train,train,test,train,val,train,test,train,train,val,train,val,train,train,test
ds2_157,infocus/ds2_157.tif,ifzsum/ds2_157.tif,abnormal,149,train,test,val,train,train,train,train,test,train,train,val,train,train,test,train,train,test,train,train,train,val,test,train,train,train
ds2_158,infocus/ds2_158.tif,ifzsum/ds2_158.tif,abnormal,122,train,train,test,train,train,train,test,train,train,train,train,val,test,train,val,val,train,val,train,test,train,train,train,test,train
ds2_159,infocus/ds2_159.tif,ifzsum/ds2_159.tif,normal,141,train,train,test,train,train,test,train,train,train,train,test,train,train,val,val,train,test,train,train,val,test,train,train,train,train
ds2_160,infocus/ds2_160.tif,ifzsum/ds2_160.tif,abnormal,127,train,train,test,train,train,train,test,train,train,train,test,train,train,train,train,train,train,val,test,train,train,test,train,val,train
ds2_161,infocus/ds2_161.tif,ifzsum/ds2_161.tif,normal,122,train,train,test,train,train,test,train,train,val,train,train,test,val,train,train,test,train,train,train,train,test,train,train,train,train
ds2_162,infocus/ds2_162.tif,ifzsum/ds2_162.tif,normal,140,train,test,val,train,train,train,train,train,test,train,train,train,test,train,train,train,train,train,train,test,train,val,train,train,test
ds2_163,infocus/ds2_163.tif,ifzsum/ds2_163.tif,normal,138,train,test,train,train,train,train,val,test,train,val,val,test,train,train,val,test,val,train,val,train,train,train,test,val,train
ds2_164,infocus/ds2_164.tif,ifzsum/ds2_164.tif,abnormal,140,train,train,test,train,train,val,test,train,val,val,train,test,train,train,val,train,train,test,train,train,test,train,train,train,train
ds2_165,infocus/ds2_165.tif,ifzsum/ds2_165.tif,abnormal,138,val,train,val,test,train,train,test,train,train,train,train,train,train,test,train,test,train,train,train,train,test,train,train,train,train
ds2_166,infocus/ds2_166.tif,ifzsum/ds2_166.tif,abnormal,107,train,test,train,train,val,val,train,test,val,train,train,val,train,test,train,train,test,train,train,val,train,train,train,train,test
ds2_167,infocus/ds2_167.tif,ifzsum/ds2_167.tif,abnormal,134,train,train,train,train,test,val,train,test,train,train,test,train,train,val,train,train,train,test,val,train,test,train,train,val,train
ds2_168,infocus/ds2_168.tif,ifzsum/ds2_168.tif,abnormal,143,train,val,train,train,test,val,val,train,val,test,test,train,val,val,train,test,val,train,val,train,test,val,train,train,train
ds2_169,infocus/ds2_169.tif,ifzsum/ds2_169.tif,abnormal,145,train,train,train,train,test,train,train,train,test,train,train,val,train,test,train,train,train,test,train,train,val,test,val,train,train
ds2_170,infocus/ds2_170.tif,ifzsum/ds2_170.tif,abnormal,140,test,train,val,train,train,train,val,test,train,train,test,val,train,train,train,train,val,test,train,train,train,val,train,train,test
ds2_171,infocus/ds2_171.tif,ifzsum/ds2_171.tif,abnormal,140,train,train,train,train,test,train,train,test,train,train,test,train,train,val,val,test,train,train,train,train,train,train,test,val,train
ds2_172,infocus/ds2_172.tif,ifzsum/ds2_172.tif,abnormal,136,train,train,train,test,val,test,train,train,train,train,train,train,train,test,train,val,test,train,train,train,train,train,train,val,test
ds2_173,infocus/ds2_173.tif,ifzsum/ds2_173.tif,abnormal,140,train,train,train,test,train,train,train,train,test,train,val,train,train,train,test,train,train,train,val,test,train,train,val,test,val
ds2_174,infocus/ds2_174.tif,ifzsum/ds2_174.tif,abnormal,146,train,train,train,train,test,train,train,test,train,train,train,test,train,train,train,val,train,test,train,train,test,train,train,train,train
ds2_175,infocus/ds2_175.tif,ifzsum/ds2_175.tif,abnormal,142,train,train,val,train,test,test,train,train,train,train,test,train,val,train,train,train,train,train,test,train,test,train,val,train,train
ds2_176,infocus/ds2_176.tif,ifzsum/ds2_176.tif,abnormal,145,train,val,val,test,train,train,train,test,train,train,test,train,train,train,train,val,train,train,val,test,train,train,test,train,val
ds2_177,infocus/ds2_177.tif,ifzsum/ds2_177.tif,abnormal,140,test,train,train,train,train,val,test,val,val,val,test,train,train,train,train,train,train,test,train,train,train,train,test,train,train
ds2_178,infocus/ds2_178.tif,ifzsum/ds2_178.tif,normal,153,val,train,test,val,train,train,train,test,train,train,train,train,test,train,train,train,train,test,train,train,train,train,test,train,train
ds2_179,infocus/ds2_179.tif,ifzsum/ds2_179.tif,abnormal,143,train,train,train,train,test,train,train,test,val,train,train,train,test,train,val,train,train,test,train,train,test,train,val,val,train
ds2_180,infocus/ds2_180.tif,ifzsum/ds2_180.tif,abnormal,114,train,train,test,val,train,test,train,train,train,val,train,train,train,train,test,train,test,train,train,train,train,train,test,train,train
ds2_181,infocus/ds2_181.tif,ifzsum/ds2_181.tif,abnormal,129,train,train,val,test,train,train,train,train,train,test,test,val,train,train,train,val,val,train,test,train,test,train,train,train,train
ds2_182,infocus/ds2_182.tif,ifzsum/ds2_182.tif,normal,153,train,train,val,test,train,train,test,val,train,train,train,train,val,val,test,val,test,train,train,train,train,test,train,train,train
ds2_183,infocus/ds2_183.tif,ifzsum/ds2_183.tif,abnormal,143,train,test,train,train,train,train,train,train,test,train,val,train,test,train,val,test,train,train,val,val,train,train,train,test,train
ds2_184,infocus/ds2_184.tif,ifzsum/ds2_184.tif,abnormal,139,val,train,test,train,val,train,train,test,train,train,train,train,val,test,train,test,val,train,val,val,train,train,test,train,train
ds2_185,infocus/ds2_185.tif,ifzsum/ds2_185.tif,abnormal,148,val,train,val,train,test,train,train,test,train,train,train,train,train,test,train,val,train,train,train,test,train,train,test,train,train
ds2_186,infocus/ds2_186.tif,ifzsum/ds2_186.tif,abnormal,139,test,train,val,val,train,train,val,train,test,train,val,train,train,val,test,train,val,train,test,val,test,train,train,train,val
ds2_187,infocus/ds2_187.tif,ifzsum/ds2_187.tif,abnormal,117,train,train,train,train,test,train,train,test,train,train,train,train,val,train,test,train,test,train,train,train,train,test,train,train,train
ds2_188,infocus/ds2_188.tif,ifzsum/ds2_188.tif,normal,153,train,train,train,test,train,test,val,val,train,train,test,train,train,train,train,train,train,val,train,test,train,test,train,train,train
ds2_189,infocus/ds2_189.tif,ifzsum/ds2_189.tif,abnormal,143,train,test,train,train,train,train,train,val,test,train,train,train,test,train,train,train,train,val,train,test,test,train,train,train,train
ds2_190,infocus/ds2_190.tif,ifzsum/ds2_190.tif,abnormal,143,train,test,val,train,val,train,train,train,train,test,train,train,val,train,test,test,train,train,train,train,train,train,test,train,train
ds2_191,infocus/ds2_191.tif,ifzsum/ds2_191.tif,abnormal,139,train,train,train,test,train,train,val,train,val,test,val,train,train,test,val,test,train,train,train,train,test,train,train,train,train
ds2_192,infocus/ds2_192.tif,ifzsum/ds2_192.tif,abnormal,122,train,train,train,test,train,val,test,val,train,train,train,val,train,test,train,train,train,test,train,val,train,val,train,val,test
ds2_193,infocus/ds2_193.tif,ifzsum/ds2_193.tif,abnormal,140,train,train,val,train,test,train,train,val,train,test,train,val,test,val,train,train,test,train,train,train,train,train,test,train,train
ds2_194,infocus/ds2_194.tif,ifzsum/ds2_194.tif,abnormal,124,train,test,val,train,train,val,train,test,train,train,test,train,train,train,val,val,train,train,test,train,train,train,test,val,val
ds2_195,infocus/ds2_195.tif,ifzsum/ds2_195.tif,abnormal,148,val,train,test,train,train,train,test,train,val,train,train,train,val,train,test,train,test,val,train,val,train,train,train,train,test
ds2_196,infocus/ds2_196.tif,ifzsum/ds2_196.tif,abnormal,123,test,val,train,train,train,train,train,test,train,val,test,train,train,val,train,train,test,train,train,train,train,train,train,test,train
ds2_197,infocus/ds2_197.tif,ifzsum/ds2_197.tif,abnormal,150,train,train,train,test,train,test,train,train,train,val,train,train,test,train,train,test,train,train,train,train,test,train,train,train,train
ds2_198,infocus/ds2_198.tif,ifzsum/ds2_198.tif,abnormal,138,train,train,test,val,train,train,test,train,val,val,test,train,train,train,train,test,val,train,train,train,train,test,train,train,train
ds2_199,infocus/ds2_199.tif,ifzsum/ds2_199.tif,normal,145,val,train,train,train,test,train,train,train,test,train,val,train,train,val,test,train,train,train,test,train,test,train,train,train,train
ds2_200,infocus/ds2_200.tif,ifzsum/ds2_200.tif,abnormal,151,train,val,test,train,train,train,train,val,test,train,train,val,train,train,test,val,train,train,test,val,val,train,train,test,train
ds2_201,infocus/ds2_201.tif,ifzsum/ds2_201.tif,abnormal,127,train,train,train,val,test,train,train,train,train,test,train,train,val,test,train,train,train,test,train,val,train,test,train,train,train
ds2_202,infocus/ds2_202.tif,ifzsum/ds2_202.tif,abnormal,139,train,train,test,train,train,train,test,train,train,train,train,train,train,train,test,val,train,train,train,test,test,train,train,train,train
ds2_203,infocus/ds2_203.tif,ifzsum/ds2_203.tif,normal,153,test,train,val,train,train,test,train,train,train,train,val,test,train,train,train,train,test,train,train,train,test,train,train,train,train
ds2_204,infocus/ds2_204.tif,ifzsum/ds2_204.tif,normal,145,train,train,test,train,val,val,test,val,train,val,train,train,train,test,val,val,train,train,test,train,test,train,train,val,train
ds2_205,infocus/ds2_205.tif,ifzsum/ds2_205.tif,abnormal,139,train,train,train,test,train,val,train,test,train,train,val,train,val,val,test,train,val,train,train,test,train,train,train,test,train
ds2_206,infocus/ds2_206.tif,ifzsum/ds2_206.tif,abnormal,141,val,train,train,test,train,train,test,train,train,train,train,train,train,test,val,train,train,test,train,train,train,test,train,train,train
ds2_207,infocus/ds2_207.tif,ifzsum/ds2_207.tif,abnormal,140,train,train,train,val,test,test,train,train,train,train,test,train,val,train,train,train,train,train,test,train,train,train,test,val,train
ds2_208,infocus/ds2_208.tif,ifzsum/ds2_208.tif,abnormal,139,test,train,train,train,val,train,train,train,train,test,train,train,train,test,train,train,train,train,test,train,train,val,test,train,train
ds2_209,infocus/ds2_209.tif,ifzsum/ds2_209.tif,abnormal,128,train,test,train,train,train,val,train,train,train,test,test,val,train,val,train,test,train,val,train,val,val,train,val,train,test
ds2_210,infocus/ds2_210.tif,ifzsum/ds2_210.tif,abnormal,135,train,val,train,train,test,train,train,test,train,train,train,train,test,train,train,train,test,train,train,train,train,val,train,train,test
ds2_211,infocus/ds2_211.tif,ifzsum/ds2_211.tif,normal,153,test,train,train,train,train,val,test,val,train,val,train,train,val,test,train,train,train,val,train,test,train,train,test,train,train
ds2_212,infocus/ds2_212.tif,ifzsum/ds2_212.tif,abnormal,123,train,train,train,test,train,train,train,test,train,train,test,train,train,train,train,train,train,train,test,train,test,train,val,train,val
ds2_213,infocus/ds2_213.tif,ifzsum/ds2_213.tif,normal,153,train,val,test,train,train,train,train,test,train,val,train,test,train,val,train,train,train,test,val,train,train,train,train,train,test
ds2_214,infocus/ds2_214.tif,ifzsum/ds2_214.tif,normal,149,train,val,train,test,train,test,train,train,train,train,train,train,test,train,val,test,train,train,train,train,train,train,train,test,train
ds2_215,infocus/ds2_215.tif,ifzsum/ds2_215.tif,abnormal,134,train,train,train,test,train,val,train,test,train,train,train,train,train,train,test,train,val,test,train,train,train,train,train,test,train
ds2_216,infocus/ds2_216.tif,ifzsum/ds2_216.tif,abnormal,146,train,train,test,val,val,train,test,train,train,val,train,train,train,train,test,train,val,train,test,train,train,train,train,train,test
ds2_217,infocus/ds2_217.tif,ifzsum/ds2_217.tif,abnormal,144,test,train,train,train,train,train,test,val,train,train,train,val,train,test,val,test,train,train,train,train,test,train,train,train,val
ds2_218,infocus/ds2_218.tif,ifzsum/ds2_218.tif,normal,134,train,train,test,train,val,test,train,train,train,train,train,train,train,test,train,train,train,test,train,train,train,val,test,train,train
ds2_219,infocus/ds2_219.tif,ifzsum/ds2_219.tif,normal,136,train,train,test,train,train,val,train,test,train,train,train,test,train,val,train,test,train,val,train,train,val,train,test,val,train
ds2_220,infocus/ds2_220.tif,ifzsum/ds2_220.tif,abnormal,140,train,train,train,test,train,train,train,train,train,test,val,train,test,val,train,test,train,train,train,train,val,train,train,train,test
ds2_221,infocus/ds2_221.tif,ifzsum/ds2_221.tif,abnormal,147,train,val,test,train,train,train,test,val,train,train,train,train,test,train,train,test,val,train,train,train,train,test,train,train,train
ds2_222,infocus/ds2_222.tif,ifzsum/ds2_222.tif,normal,121,train,val,train,train,test,train,train,val,train,test,val,train,train,test,train,train,test,train,train,train,train,test,val,train,train
ds2_223,infocus/ds2_223.tif,ifzsum/ds2_223.tif,normal,153,test,train,train,train,train,test,train,train,val,train,train,train,train,train,test,val,val,train,test,train,test,train,train,train,train
ds2_224,infocus/ds2_224.tif,ifzsum/ds2_224.tif,abnormal,126,train,val,train,train,test,train,train,test,val,train,train,train,test,train,val,val,train,test,train,val,test,train,train,train,train
ds2_225,infocus/ds2_225.tif,ifzsum/ds2_225.tif,abnormal,115,train,train,train,test,val,train,test,train,train,train,train,train,test,val,train,train,val,val,test,train,test,train,train,train,train
ds2_226,infocus/ds2_226.tif,ifzsum/ds2_226.tif,abnormal,148,train,train,train,test,train,train,val,train,test,train,val,train,test,train,train,val,train,test,val,train,val,train,train,train,test
ds2_227,infocus/ds2_227.tif,ifzsum/ds2_227.tif,abnormal,139,train,train,test,train,train,train,train,train,train,test,val,train,test,train,train,train,test,train,val,train,train,train,test,train,train
ds2_228,infocus/ds2_228.tif,ifzsum/ds2_228.tif,normal,153,train,val,train,test,train,train,train,train,test,train,test,val,train,train,train,train,train,val,val,test,train,train,train,test,train
ds2_229,infocus/ds2_229.tif,ifzsum/ds2_229.tif,abnormal,152,train,train,test,train,train,train,train,train,test,train,val,train,train,train,test,test,train,train,train,train,test,train,train,train,train
ds2_230,infocus/ds2_230.tif,ifzsum/ds2_230.tif,abnormal,151,train,train,val,test,train,train,train,val,val,test,train,train,test,train,train,train,train,test,train,val,test,train,train,train,train
ds2_231,infocus/ds2_231.tif,ifzsum/ds2_231.tif,abnormal,140,train,train,train,train,test,train,train,test,train,train,test,train,train,train,train,train,train,test,train,train,test,train,train,train,train
ds2_232,infocus/ds2_232.tif,ifzsum/ds2_232.tif,abnormal,124,train,train,train,test,train,test,train,train,val,train,train,val,train,test,val,test,train,train,train,train,train,train,test,train,val
ds2_233,infocus/ds2_233.tif,ifzsum/ds2_233.tif,abnormal,132,test,train,val,train,train,train,train,val,test,val,val,test,val,train,train,val,test,train,train,train,train,train,train,train,test
ds2_234,infocus/ds2_234.tif,ifzsum/ds2_234.tif,abnormal,144,val,train,test,train,val,train,train,test,train,val,val,train,train,test,train,train,test,train,train,train,test,train,train,train,train
ds2_235,infocus/ds2_235.tif,ifzsum/ds2_235.tif,abnormal,139,train,test,train,val,train,train,train,train,train,test,train,test,val,train,train,test,train,train,val,train,val,train,test,train,train
ds2_236,infocus/ds2_236.tif,ifzsum/ds2_236.tif,abnormal,139,test,train,train,val,train,train,train,train,train,test,test,val,train,train,train,train,test,train,train,train,train,train,test,train,val
ds2_237,infocus/ds2_237.tif,ifzsum/ds2_237.tif,abnormal,126,train,train,test,train,train,train,test,train,train,train,train,test,train,train,train,train,val,train,test,val,val,test,train,train,val
ds2_238,infocus/ds2_238.tif,ifzsum/ds2_238.tif,abnormal,131,train,train,train,train,test,train,train,test,train,train,train,train,test,train,train,train,test,train,train,val,train,train,test,train,train
ds2_239,infocus/ds2_239.tif,ifzsum/ds2_239.tif,abnormal,137,train,train,test,train,train,train,train,test,train,val,train,train,train,test,train,train,val,val,train,test,val,train,train,train,test
ds2_240,infocus/ds2_240.tif,ifzsum/ds2_240.tif,abnormal,148,train,train,test,train,val,train,train,val,test,train,train,train,train,train,test,train,train,test,train,train,train,train,train,test,val
ds2_241,infocus/ds2_241.tif,ifzsum/ds2_241.tif,abnormal,120,val,train,test,train,val,train,val,val,test,train,train,train,train,train,test,train,test,val,train,train,val,train,test,train,train
ds2_242,infocus/ds2_242.tif,ifzsum/ds2_242.tif,normal,126,test,val,train,train,train,train,test,train,train,train,train,val,train,test,train,val,test,train,val,train,train,test,train,train,train
ds2_243,infocus/ds2_243.tif,ifzsum/ds2_243.tif,abnormal,142,train,train,train,test,train,train,train,train,train,test,train,train,val,test,train,val,train,train,test,train,train,val,train,test,train
ds2_244,infocus/ds2_244.tif,ifzsum/ds2_244.tif,normal,153,train,train,train,train,test,train,train,val,test,train,train,test,train,train,train,val,test,train,train,train,train,train,train,train,test
ds2_245,infocus/ds2_245.tif,ifzsum/ds2_245.tif,abnormal,121,test,val,train,train,train,train,train,test,train,train,train,test,train,train,val,train,train,test,train,train,val,train,train,test,train
ds2_246,infocus/ds2_246.tif,ifzsum/ds2_246.tif,abnormal,139,train,train,test,val,val,test,train,train,val,train,train,test,train,val,val,test,train,train,val,val,val,train,train,val,test
ds2_247,infocus/ds2_247.tif,ifzsum/ds2_247.tif,abnormal,144,test,val,train,train,val,val,val,train,test,val,test,train,train,val,train,train,test,train,train,val,train,train,train,test,train
ds2_248,infocus/ds2_248.tif,ifzsum/ds2_248.tif,abnormal,132,test,val,train,train,train,train,test,train,train,train,train,train,test,train,train,train,train,test,train,train,train,train,test,train,val
ds2_249,infocus/ds2_249.tif,ifzsum/ds2_249.tif,abnormal,133,train,train,val,test,train,train,train,val,train,test,train,train,val,test,train,train,val,train,test,val,test,train,train,train,train
ds2_250,infocus/ds2_250.tif,ifzsum/ds2_250.tif,abnormal,135,test,train,train,train,train,train,test,train,train,train,train,train,train,train,test,train,test,train,train,train,train,test,train,train,train
ds2_251,infocus/ds2_251.tif,ifzsum/ds2_251.tif,normal,142,train,train,val,test,train,val,train,test,train,train,train,train,train,test,train,train,train,test,train,train,train,train,train,train,test
ds2_252,infocus/ds2_252.tif,ifzsum/ds2_252.tif,abnormal,142,val,train,train,val,test,train,train,train,train,test,train,train,test,train,train,train,train,train,test,train,train,train,test,train,train
ds2_253,infocus/ds2_253.tif,ifzsum/ds2_253.tif,abnormal,133,train,train,train,train,test,test,train,val,val,train,train,val,train,test,train,test,train,train,train,train,test,train,train,train,train
ds2_254,infocus/ds2_254.tif,ifzsum/ds2_254.tif,abnormal,140,train,train,train,train,test,train,train,train,test,train,test,train,val,train,train,test,train,train,train,train,train,test,train,train,train
ds2_255,infocus/ds2_255.tif,ifzsum/ds2_255.tif,normal,134,train,train,test,train,train,train,val,train,test,train,train,train,train,train,test,val,val,test,train,train,train,test,train,train,train
ds2_256,infocus/ds2_256.tif,ifzsum/ds2_256.tif,abnormal,148,test,train,train,val,val,train,train,test,train,train,train,test,val,train,train,train,train,train,val,test,val,train,train,train,test
ds2_257,infocus/ds2_257.tif,ifzsum/ds2_257.tif,abnormal,146,test,train,train,train,train,train,train,train,val,test,train,train,val,train,test,train,train,train,test,val,train,test,train,train,train
ds2_258,infocus/ds2_258.tif,ifzsum/ds2_258.tif,abnormal,131,val,train,train,test,val,test,train,train,train,train,test,train,train,train,train,test,train,train,train,train,test,train,train,train,train
ds2_259,infocus/ds2_259.tif,ifzsum/ds2_259.tif,abnormal,149,train,test,train,train,train,train,train,test,train,train,test,train,val,train,train,test,val,train,train,val,train,train,test,train,train
ds2_260,infocus/ds2_260.tif,ifzsum/ds2_260.tif,abnormal,118,train,train,train,test,train,val,train,test,train,train,train,test,val,val,val,train,val,test,train,train,train,test,train,val,val
ds2_261,infocus/ds2_261.tif,ifzsum/ds2_261.tif,abnormal,140,train,train,train,test,train,train,test,train,train,train,test,train,train,train,train,train,test,val,train,train,val,train,test,train,train
ds2_262,infocus/ds2_262.tif,ifzsum/ds2_262.tif,normal,143,train,val,train,test,train,test,train,train,train,val,train,test,train,train,train,train,train,train,test,train,val,train,test,train,train
ds2_263,infocus/ds2_263.tif,ifzsum/ds2_263.tif,normal,150,test,train,train,train,train,train,train,val,test,train,train,val,test,train,train,val,test,train,train,train,test,train,train,train,val
ds2_264,infocus/ds2_264.tif,ifzsum/ds2_264.tif,normal,134,train,test,train,train,train,train,train,test,train,val,train,train,train,val,test,val,test,train,train,train,train,val,train,test,train
ds2_265,infocus/ds2_265.tif,ifzsum/ds2_265.tif,normal,132,test,train,train,train,val,test,train,val,train,train,train,train,train,train,test,train,train,train,train,test,train,val,test,train,train
ds2_266,infocus/ds2_266.tif,ifzsum/ds2_266.tif,normal,128,val,train,test,train,train,train,val,train,train,test,val,train,train,test,train,test,train,train,train,train,val,val,train,train,test
ds2_267,infocus/ds2_267.tif,ifzsum/ds2_267.tif,abnormal,148,train,val,train,test,train,test,val,train,train,train,test,val,train,train,train,train,test,train,val,train,train,train,test,train,val
ds2_268,infocus/ds2_268.tif,ifzsum/ds2_268.tif,normal,123,train,val,val,train,test,train,test,train,train,train,val,train,train,test,train,train,train,test,train,train,test,train,train,train,train
ds2_269,infocus/ds2_269.tif,ifzsum/ds2_269.tif,abnormal,107,train,train,val,test,val,test,train,val,val,train,train,train,test,val,val,train,train,val,test,val,train,train,test,train,train
ds2_270,infocus/ds2_270.tif,ifzsum/ds2_270.tif,normal,153,train,test,train,train,train,train,train,train,test,train,train,val,test,train,val,train,train,train,test,val,val,train,test,train,val
ds2_271,infocus/ds2_271.tif,ifzsum/ds2_271.tif,abnormal,134,train,train,train,test,train,train,train,test,val,train,train,train,train,test,train,test,train,train,train,train,test,train,val,train,train
ds2_272,infocus/ds2_272.tif,ifzsum/ds2_272.tif,normal,134,train,val,train,train,test,train,test,val,train,val,train,val,train,test,train,train,train,train,test,val,val,val,train,test,train
ds2_273,infocus/ds2_273.tif,ifzsum/ds2_273.tif,normal,153,train,train,train,train,test,train,test,train,train,train,test,val,train,train,train,train,train,test,train,train,train,val,val,train,test
ds2_274,infocus/ds2_274.tif,ifzsum/ds2_274.tif,abnormal,127,train,train,train,test,train,test,train,val,val,train,train,train,test,val,train,train,test,train,train,val,train,train,train,test,train
ds2_275,infocus/ds2_275.tif,ifzsum/ds2_275.tif,abnormal,145,val,train,val,test,train,train,val,train,train,test,train,train,train,train,test,train,train,train,train,test,test,train,train,train,train
ds2_276,infocus/ds2_276.tif,ifzsum/ds2_276.tif,abnormal,91,train,train,train,test,train,val,test,train,train,train,test,train,train,train,train,val,train,test,train,val,val,train,train,test,train
ds2_277,infocus/ds2_277.tif,ifzsum/ds2_277.tif,abnormal,135,train,train,test,val,train,train,train,test,train,train,train,train,val,test,train,train,train,val,train,test,test,train,val,train,train
ds2_278,infocus/ds2_278.tif,ifzsum/ds2_278.tif,abnormal,134,train,test,train,train,train,train,test,train,val,train,train,val,train,train,test,train,train,test,train,train,test,train,train,train,train
ds2_279,infocus/ds2_279.tif,ifzsum/ds2_279.tif,abnormal,123,train,val,train,test,train,train,train,train,test,val,train,train,test,val,train,val,train,train,test,train,train,train,test,train,train
ds2_280,infocus/ds2_280.tif,ifzsum/ds2_280.tif,abnormal,143,val,train,train,test,val,val,train,train,train,test,test,train,train,val,train,train,train,train,train,test,train,train,test,train,val
ds2_281,infocus/ds2_281.tif,ifzsum/ds2_281.tif,abnormal,136,test,train,train,val,train,val,train,train,train,test,train,train,train,train,test,test,train,train,val,train,train,test,train,train,train
ds2_282,infocus/ds2_282.tif,ifzsum/ds2_282.tif,abnormal,119,train,val,train,train,test,val,train,val,train,test,test,train,train,val,train,val,val,train,train,test,train,val,train,train,test
ds2_283,infocus/ds2_283.tif,ifzsum/ds2_283.tif,abnormal,134,train,test,train,train,train,val,val,test,train,train,test,train,train,train,train,train,train,train,test,train,test,train,train,train,train
ds2_284,infocus/ds2_284.tif,ifzsum/ds2_284.tif,abnormal,145,test,train,train,train,train,test,train,train,train,train,train,train,val,test,train,val,test,train,val,train,test,val,train,train,train
ds2_285,infocus/ds2_285.tif,ifzsum/ds2_285.tif,abnormal,148,test,val,train,train,train,test,train,train,val,train,train,test,train,train,train,test,val,val,train,train,train,test,train,train,train
ds2_286,infocus/ds2_286.tif,ifzsum/ds2_286.tif,abnormal,134,train,train,train,test,val,train,train,train,test,train,train,train,train,test,val,train,val,train,train,test,test,val,train,val,train
ds2_287,infocus/ds2_287.tif,ifzsum/ds2_287.tif,abnormal,126,test,train,train,train,val,train,train,train,test,train,train,train,test,train,val,train,train,test,val,train,train,train,test,train,train
ds2_288,infocus/ds2_288.tif,ifzsum/ds2_288.tif,abnormal,113,test,train,val,val,train,train,train,test,train,train,train,train,test,train,train,test,val,train,train,train,val,test,train,val,train
ds2_289,infocus/ds2_289.tif,ifzsum/ds2_289.tif,abnormal,130,train,val,test,train,train,train,val,train,test,train,test,train,train,train,train,train,val,test,train,train,val,val,train,val,test
ds2_290,infocus/ds2_290.tif,ifzsum/ds2_290.tif,abnormal,124,train,train,train,train,test,train,test,train,val,train,train,train,train,test,train,train,train,train,test,train,train,val,test,train,val
ds2_291,infocus/ds2_291.tif,ifzsum/ds2_291.tif,abnormal,129,train,test,train,train,train,test,train,train,train,train,train,train,train,test,val,train,train,test,val,val,test,train,train,val,train
ds2_292,infocus/ds2_292.tif,ifzsum/ds2_292.tif,abnormal,151,train,train,train,test,train,train,train,train,test,train,train,train,test,train,train,train,test,train,train,train,train,test,train,train,train
ds3_000,infocus/ds3_000.tif,ifzsum/ds3_000.tif,abnormal,145,val,test,val,train,train,train,test,train,val,train,val,val,train,test,train,train,train,train,train,test,val,train,val,test,train
ds3_001,infocus/ds3_001.tif,ifzsum/ds3_001.tif,abnormal,140,train,test,train,train,train,train,test,val,train,train,train,test,train,train,train,test,train,train,train,train,train,train,val,test,train
ds3_002,infocus/ds3_002.tif,ifzsum/ds3_002.tif,abnormal,136,train,val,train,train,test,val,train,train,train,test,train,train,test,train,train,train,train,test,train,train,train,test,val,val,train
ds3_003,infocus/ds3_003.tif,ifzsum/ds3_003.tif,abnormal,126,train,train,test,train,train,train,train,test,train,train,val,train,test,train,val,train,val,test,train,train,val,train,test,train,train
ds3_004,infocus/ds3_004.tif,ifzsum/ds3_004.tif,normal,153,train,train,train,test,train,train,train,train,val,test,train,train,train,test,train,train,train,val,train,test,train,val,train,test,train
ds3_005,infocus/ds3_005.tif,ifzsum/ds3_005.tif,abnormal,145,test,train,train,train,train,test,val,train,train,train,val,val,train,test,train,train,test,train,train,train,train,test,train,train,train
ds3_006,infocus/ds3_006.tif,ifzsum/ds3_006.tif,abnormal,144,val,train,train,train,test,test,train,train,train,train,train,train,train,test,val,train,train,val,test,train,test,train,train,train,train
ds3_007,infocus/ds3_007.tif,ifzsum/ds3_007.tif,abnormal,135,train,train,train,train,test,train,train,val,test,val,train,test,train,train,train,train,test,train,val,train,test,train,train,train,val
ds3_008,infocus/ds3_008.tif,ifzsum/ds3_008.tif,abnormal,140,train,test,train,train,train,train,train,train,test,val,train,train,val,test,train,test,val,train,train,train,train,val,test,val,train
ds3_009,infocus/ds3_009.tif,ifzsum/ds3_009.tif,abnormal,127,train,test,train,train,val,train,train,test,train,train,val,test,val,train,train,train,test,train,train,train,test,train,train,train,train
ds3_010,infocus/ds3_010.tif,ifzsum/ds3_010.tif,abnormal,140,test,train,train,train,train,val,train,test,val,val,train,train,test,train,train,train,val,train,test,train,train,train,val,train,test
ds3_011,infocus/ds3_011.tif,ifzsum/ds3_011.tif,abnormal,140,train,train,train,train,test,train,val,val,test,val,train,train,test,train,train,val,train,train,train,test,val,val,val,train,test
ds3_012,infocus/ds3_012.tif,ifzsum/ds3_012.tif,abnormal,147,train,val,train,test,train,train,test,val,train,val,train,test,val,train,train,train,val,train,val,test,train,val,train,test,train
ds3_013,infocus/ds3_013.tif,ifzsum/ds3_013.tif,abnormal,124,train,train,train,test,train,test,train,val,train,train,train,train,val,val,test,train,test,val,val,val,train,train,val,val,test
ds3_014,infocus/ds3_014.tif,ifzsum/ds3_014.tif,abnormal,129,val,train,val,train,test,val,val,train,train,test,train,train,test,train,train,train,test,train,train,train,test,train,val,train,train
ds3_015,infocus/ds3_015.tif,ifzsum/ds3_015.tif,abnormal,128,train,test,val,val,train,train,train,test,train,train,train,train,train,test,train,train,test,val,train,train,train,train,train,test,train
ds3_016,infocus/ds3_016.tif,ifzsum/ds3_016.tif,abnormal,140,train,test,train,train,train,train,train,train,val,test,train,val,train,train,test,train,test,train,train,train,train,val,test,train,train
ds3_017,infocus/ds3_017.tif,ifzsum/ds3_017.tif,abnormal,131,train,val,train,train,test,train,train,test,train,val,val,train,train,train,test,train,test,train,train,train,test,train,val,train,train
ds3_018,infocus/ds3_018.tif,ifzsum/ds3_018.tif,abnormal,127,train,val,val,test,val,train,train,test,train,train,val,val,val,test,train,test,train,train,train,val,train,train,train,test,train
ds3_019,infocus/ds3_019.tif,ifzsum/ds3_019.tif,abnormal,145,train,train,train,test,train,test,train,val,train,train,train,test,val,train,train,train,test,train,train,train,train,val,test,train,val
ds3_020,infocus/ds3_020.tif,ifzsum/ds3_020.tif,normal,153,val,train,test,train,train,val,val,train,test,train,train,train,train,test,val,val,train,train,train,test,train,train,val,train,test
ds3_021,infocus/ds3_021.tif,ifzsum/ds3_021.tif,abnormal,137,test,train,train,train,train,train,train,train,train,test,val,train,test,train,val,train,train,train,test,train,test,train,val,train,train
ds3_022,infocus/ds3_022.tif,ifzsum/ds3_022.tif,abnormal,152,train,train,train,val,test,test,train,val,train,train,val,train,train,train,test,train,val,test,train,train,test,val,val,train,train
ds3_023,infocus/ds3_023.tif,ifzsum/ds3_023.tif,abnormal,134,test,train,val,train,train,test,train,train,train,train,train,val,test,train,train,train,test,train,train,train,test,val,train,train,train
ds3_024,infocus/ds3_024.tif,ifzsum/ds3_024.tif,normal,142,test,train,val,train,val,train,train,train,train,test,train,train,train,test,train,train,train,test,train,train,train,test,val,train,train
ds3_025,infocus/ds3_025.tif,ifzsum/ds3_025.tif,abnormal,141,train,train,val,test,train,test,train,train,val,val,train,val,val,test,train,test,train,val,train,train,train,train,val,val,test
ds3_026,infocus/ds3_026.tif,ifzsum/ds3_026.tif,abnormal,140,test,train,train,val,train,test,train,train,train,train,train,train,train,test,val,val,val,train,val,test,train,test,train,train,train
ds3_027,infocus/ds3_027.tif,ifzsum/ds3_027.tif,normal,144,train,test,val,train,train,train,test,train,val,train,val,test,train,train,train,train,train,train,test,train,train,train,val,test,train
ds3_028,infocus/ds3_028.tif,ifzsum/ds3_028.tif,abnormal,140,train,test,train,train,train,test,train,train,val,train,train,test,train,train,val,train,train,test,train,train,train,train,train,test,train
ds3_029,infocus/ds3_029.tif,ifzsum/ds3_029.tif,abnormal,140,train,test,train,train,val,test,train,train,train,train,train,train,val,val,test,train,test,train,train,train,train,train,test,train,train
ds3_030,infocus/ds3_030.tif,ifzsum/ds3_030.tif,abnormal,149,train,train,train,test,train,val,val,train,test,train,train,train,test,train,train,val,train,test,train,val,train,train,train,val,test
ds3_031,infocus/ds3_031.tif,ifzsum/ds3_031.tif,abnormal,140,train,test,val,train,train,train,train,train,test,train,val,test,val,train,train,train,train,test,train,train,train,test,val,train,train
ds3_032,infocus/ds3_032.tif,ifzsum/ds3_032.tif,abnormal,139,train,test,train,val,train,train,train,test,val,train,train,test,val,train,train,train,val,train,train,test,train,train,val,test,train
ds3_033,infocus/ds3_033.tif,ifzsum/ds3_033.tif,abnormal,131,train,train,test,val,val,val,train,train,train,test,train,train,train,test,train,test,val,train,train,train,train,test,val,train,train
ds3_034,infocus/ds3_034.tif,ifzsum/ds3_034.tif,abnormal,141,val,val,test,train,train,train,val,train,test,val,train,test,train,train,val,test,train,val,train,train,test,train,train,val,val
ds3_035,infocus/ds3_035.tif,ifzsum/ds3_035.tif,abnormal,147,test,train,train,train,train,train,val,train,test,train,train,test,train,train,train,train,train,test,train,train,test,train,train,val,train
ds3_036,infocus/ds3_036.tif,ifzsum/ds3_036.tif,abnormal,147,train,train,train,test,train,test,val,train,train,train,train,train,train,val,test,test,val,train,train,train,test,train,train,val,val
ds3_037,infocus/ds3_037.tif,ifzsum/ds3_037.tif,normal,140,test,train,train,val,train,train,val,train,train,test,train,test,train,train,train,train,test,val,val,train,train,train,train,test,train
ds3_038,infocus/ds3_038.tif,ifzsum/ds3_038.tif,abnormal,136,train,val,train,val,test,train,test,train,train,train,train,train,train,test,val,val,train,train,train,test,val,test,val,train,train
ds3_039,infocus/ds3_039.tif,ifzsum/ds3_039.tif,normal,141,test,train,train,train,train,train,train,train,test,train,train,train,test,val,train,train,test,train,train,val,val,test,train,train,train
ds3_040,infocus/ds3_040.tif,ifzsum/ds3_040.tif,abnormal,125,train,test,train,train,val,train,train,test,train,train,test,train,train,train,train,train,test,val,train,train,train,train,train,test,train
ds3_041,infocus/ds3_041.tif,ifzsum/ds3_041.tif,abnormal,151,train,test,train,train,train,val,test,val,val,train,val,train,train,test,train,train,test,train,train,val,train,train,train,test,train
ds3_042,infocus/ds3_042.tif,ifzsum/ds3_042.tif,normal,133,val,train,train,test,train,train,train,train,test,val,train,test,train,train,train,train,test,train,val,train,train,train,test,train,train
ds3_043,infocus/ds3_043.tif,ifzsum/ds3_043.tif,abnormal,152,test,train,train,train,train,train,train,train,train,test,train,train,train,train,test,train,val,test,train,train,val,test,train,val,train
ds3_044,infocus/ds3_044.tif,ifzsum/ds3_044.tif,abnormal,134,val,val,test,train,train,train,train,train,test,val,test,val,train,train,train,train,train,test,train,train,train,train,val,test,train
ds3_045,infocus/ds3_045.tif,ifzsum/ds3_045.tif,abnormal,137,test,val,train,train,train,train,train,test,train,val,test,train,train,train,val,train,train,test,train,train,val,test,val,train,train
ds3_046,infocus/ds3_046.tif,ifzsum/ds3_046.tif,abnormal,132,val,train,test,train,train,train,train,test,train,train,train,test,train,train,train,train,train,val,train,test,test,train,train,train,train
ds3_047,infocus/ds3_047.tif,ifzsum/ds3_047.tif,abnormal,132,train,train,train,train,test,train,train,train,train,test,train,test,train,train,train,val,test,train,train,train,train,train,train,train,test
ds3_048,infocus/ds3_048.tif,ifzsum/ds3_048.tif,abnormal,132,train,train,train,test,train,train,train,train,test,train,test,train,val,train,train,train,val,train,test,val,train,train,train,test,train
ds3_049,infocus/ds3_049.tif,ifzsum/ds3_049.tif,abnormal,140,train,train,test,train,train,train,train,test,train,train,train,train,test,train,val,train,test,train,train,train,train,train,train,test,train
ds3_050,infocus/ds3_050.tif,ifzsum/ds3_050.tif,abnormal,133,train,test,val,train,train,test,train,train,train,train,train,train,train,test,val,train,train,train,train,test,train,train,test,train,train
ds3_051,infocus/ds3_051.tif,ifzsum/ds3_051.tif,normal,153,train,val,train,val,test,val,train,test,train,train,train,test,train,train,train,test,train,train,train,val,test,train,train,val,train
ds3_052,infocus/ds3_052.tif,ifzsum/ds3_052.tif,abnormal,149,val,test,train,train,val,train,train,train,train,test,test,train,train,train,train,test,train,val,train,train,test,train,train,train,val
ds3_053,infocus/ds3_053.tif,ifzsum/ds3_053.tif,normal,138,train,train,test,train,train,train,test,train,train,val,val,train,val,train,test,train,train,test,train,train,train,train,test,train,train
ds3_054,infocus/ds3_054.tif,ifzsum/ds3_054.tif,abnormal,124,train,train,train,train,test,val,test,train,train,train,test,val,train,train,train,train,train,val,test,train,train,test,val,train,train
ds3_055,infocus/ds3_055.tif,ifzsum/ds3_055.tif,abnormal,136,train,val,train,train,test,train,test,train,train,train,test,train,train,train,train,train,train,train,test,train,train,train,val,train,test
ds3_056,infocus/ds3_056.tif,ifzsum/ds3_056.tif,abnormal,139,train,train,test,train,train,test,train,train,val,train,train,train,test,train,train,test,train,train,train,val,test,train,val,train,train
ds3_057,infocus/ds3_057.tif,ifzsum/ds3_057.tif,abnormal,140,train,test,train,val,train,train,test,val,train,val,test,train,val,val,train,train,test,train,val,train,train,train,train,test,train
ds3_058,infocus/ds3_058.tif,ifzsum/ds3_058.tif,abnormal,140,val,test,train,train,train,test,train,train,val,train,train,train,train,train,test,train,train,train,train,test,train,train,test,val,train
ds3_059,infocus/ds3_059.tif,ifzsum/ds3_059.tif,abnormal,130,val,test,train,train,train,train,train,val,train,test,val,train,val,val,test,test,train,train,train,train,train,train,test,val,train
ds3_060,infocus/ds3_060.tif,ifzsum/ds3_060.tif,abnormal,140,train,test,val,train,train,test,val,train,train,train,train,test,val,train,train,train,train,test,train,train,train,train,val,test,train
ds3_061,infocus/ds3_061.tif,ifzsum/ds3_061.tif,abnormal,140,train,test,train,train,val,val,train,val,train,test,train,val,train,val,test,train,train,train,test,val,train,train,test,train,train
ds3_062,infocus/ds3_062.tif,ifzsum/ds3_062.tif,abnormal,128,val,test,train,train,val,train,train,train,train,test,train,train,val,test,val,train,train,train,val,test,test,train,train,val,train
ds3_063,infocus/ds3_063.tif,ifzsum/ds3_063.tif,abnormal,142,train,train,train,test,train,test,train,val,val,train,train,test,train,train,val,val,train,train,train,test,train,train,train,train,test
ds3_064,infocus/ds3_064.tif,ifzsum/ds3_064.tif,abnormal,151,test,train,val,train,train,train,train,train,test,train,val,train,train,test,train,val,test,val,train,train,test,train,train,train,train
ds3_065,infocus/ds3_065.tif,ifzsum/ds3_065.tif,abnormal,140,test,train,train,val,train,test,train,train,train,val,test,val,train,train,val,train,train,train,test,val,val,train,val,train,test
ds3_066,infocus/ds3_066.tif,ifzsum/ds3_066.tif,abnormal,136,train,train,train,train,test,train,train,train,val,test,test,train,val,train,train,val,train,val,train,test,val,train,test,train,train
ds3_067,infocus/ds3_067.tif,ifzsum/ds3_067.tif,abnormal,140,train,val,train,test,train,train,train,train,test,train,train,val,train,train,test,test,train,train,train,val,train,train,test,val,train
ds3_068,infocus/ds3_068.tif,ifzsum/ds3_068.tif,abnormal,140,train,train,test,train,train,val,train,test,val,train,train,train,train,test,val,test,train,train,train,train,train,train,test,train,train
ds3_069,infocus/ds3_069.tif,ifzsum/ds3_069.tif,abnormal,144,train,train,val,val,test,test,train,train,train,train,train,train,train,train,test,train,test,train,val,train,val,train,train,test,train
ds3_070,infocus/ds3_070.tif,ifzsum/ds3_070.tif,normal,128,train,val,test,train,train,test,val,train,train,val,train,test,train,val,train,train,train,train,train,test,train,train,train,test,val
ds3_071,infocus/ds3_071.tif,ifzsum/ds3_071.tif,abnormal,143,train,train,test,train,train,train,test,train,train,train,val,test,train,train,val,train,test,train,train,train,train,train,test,train,train
ds3_072,infocus/ds3_072.tif,ifzsum/ds3_072.tif,abnormal,149,test,train,train,val,train,val,val,train,test,train,val,test,train,val,train,val,train,test,train,train,val,test,train,train,train
ds3_073,infocus/ds3_073.tif,ifzsum/ds3_073.tif,normal,120,train,val,train,train,test,val,train,test,val,val,val,train,train,test,val,train,train,train,train,test,train,test,train,train,train
ds3_074,infocus/ds3_074.tif,ifzsum/ds3_074.tif,abnormal,120,train,test,val,train,train,train,test,train,train,val,train,train,train,test,train,train,train,train,test,train,train,val,train,test,train
ds3_075,infocus/ds3_075.tif,ifzsum/ds3_075.tif,abnormal,135,val,test,train,train,train,train,test,train,train,val,train,train,train,train,test,train,train,test,train,val,test,val,train,train,train
ds3_076,infocus/ds3_076.tif,ifzsum/ds3_076.tif,normal,153,train,train,train,train,test,train,val,test,train,train,train,train,test,train,train,val,test,train,train,train,train,test,train,train,val
ds3_077,infocus/ds3_077.tif,ifzsum/ds3_077.tif,abnormal,148,train,train,test,train,train,train,val,test,train,val,train,train,train,test,train,train,train,train,train,test,val,train,test,train,train
ds3_078,infocus/ds3_078.tif,ifzsum/ds3_078.tif,abnormal,142,train,val,train,train,test,test,train,train,train,train,test,train,train,train,train,val,train,train,train,test,train,val,val,train,test
ds3_079,infocus/ds3_079.tif,ifzsum/ds3_079.tif,normal,139,train,train,test,train,train,test,val,train,val,train,train,val,val,train,test,train,train,test,train,val,train,train,test,train,train
ds3_080,infocus/ds3_080.tif,ifzsum/ds3_080.tif,abnormal,146,val,test,train,train,train,val,train,val,val,test,train,train,val,train,test,val,train,test,val,train,val,val,val,test,val
ds3_081,infocus/ds3_081.tif,ifzsum/ds3_081.tif,abnormal,130,train,val,test,train,train,val,val,train,test,train,train,train,train,train,test,train,train,train,train,test,test,train,train,train,train
ds3_082,infocus/ds3_082.tif,ifzsum/ds3_082.tif,abnormal,144,train,val,test,train,train,train,train,train,train,test,train,test,val,train,train,train,train,train,test,train,train,test,train,val,train
ds3_083,infocus/ds3_083.tif,ifzsum/ds3_083.tif,abnormal,127,train,train,train,test,train,val,train,val,test,val,train,test,train,val,train,test,train,val,train,train,val,train,test,train,train
ds3_084,infocus/ds3_084.tif,ifzsum/ds3_084.tif,abnormal,141,train,val,val,val,test,train,test,train,train,train,val,train,val,train,test,train,train,val,train,test,train,test,train,train,val
ds3_085,infocus/ds3_085.tif,ifzsum/ds3_085.tif,abnormal,126,train,test,train,train,train,train,train,train,test,val,train,train,test,train,train,val,test,train,val,train,train,val,test,train,train
ds3_086,infocus/ds3_086.tif,ifzsum/ds3_086.tif,abnormal,140,train,train,train,train,test,test,train,val,train,train,test,train,train,train,train,train,train,train,train,test,val,test,val,val,train
ds3_087,infocus/ds3_087.tif,ifzsum/ds3_087.tif,normal,138,train,test,train,train,train,train,test,train,train,train,val,train,train,train,test,test,val,train,val,train,train,val,train,test,train
ds3_088,infocus/ds3_088.tif,ifzsum/ds3_088.tif,abnormal,136,train,train,test,train,train,train,test,train,train,train,train,test,train,train,train,train,test,train,train,train,train,test,val,train,train
ds3_089,infocus/ds3_089.tif,ifzsum/ds3_089.tif,abnormal,140,test,val,train,train,train,train,train,train,train,test,test,val,train,val,train,test,train,train,train,train,test,train,train,train,train
ds3_090,infocus/ds3_090.tif,ifzsum/ds3_090.tif,normal,134,train,train,train,val,test,val,test,train,train,val,test,train,train,train,train,val,train,train,train,test,val,val,train,test,train
ds3_091,infocus/ds3_091.tif,ifzsum/ds3_091.tif,normal,153,test,train,train,val,val,train,val,train,test,train,train,val,val,train,test,train,train,test,val,train,train,train,train,test,train
ds3_092,infocus/ds3_092.tif,ifzsum/ds3_092.tif,normal,153,train,train,val,train,test,train,train,train,test,train,test,train,val,train,train,train,train,test,train,train,train,train,train,test,train
ds3_093,infocus/ds3_093.tif,ifzsum/ds3_093.tif,abnormal,142,train,train,val,train,test,train,train,val,train,test,train,val,test,train,val,train,train,train,train,test,train,train,val,train,test
ds3_094,infocus/ds3_094.tif,ifzsum/ds3_094.tif,abnormal,132,test,train,train,train,train,val,test,train,train,val,train,train,train,test,val,train,train,val,train,test,test,train,train,train,train
ds3_095,infocus/ds3_095.tif,ifzsum/ds3_095.tif,abnormal,141,test,train,train,train,train,test,train,train,train,train,test,train,train,train,train,train,val,test,train,train,train,train,test,train,train
ds3_096,infocus/ds3_096.tif,ifzsum/ds3_096.tif,abnormal,122,train,test,train,train,train,train,train,test,train,train,test,train,val,val,train,train,train,train,train,test,train,train,test,train,train
ds3_097,infocus/ds3_097.tif,ifzsum/ds3_097.tif,abnormal,143,train,train,train,test,val,test,train,train,train,train,train,val,val,test,train,test,val,train,train,train,train,train,train,train,test
ds3_098,infocus/ds3_098.tif,ifzsum/ds3_098.tif,abnormal,136,train,test,train,train,train,train,val,test,val,train,train,test,train,train,train,train,val,test,train,train,train,test,val,train,train
ds3_099,infocus/ds3_099.tif,ifzsum/ds3_099.tif,abnormal,142,train,train,train,test,train,test,train,train,val,train,test,train,train,val,train,test,train,val,val,train,train,train,train,train,test
ds3_100,infocus/ds3_100.tif,ifzsum/ds3_100.tif,abnormal,140,val,train,train,train,test,train,train,train,test,train,train,train,train,test,train,train,train,train,train,test,train,val,train,test,train
ds3_101,infocus/ds3_101.tif,ifzsum/ds3_101.tif,abnormal,137,train,train,train,train,test,train,train,test,val,train,val,test,train,val,train,train,train,test,train,train,train,test,val,val,train
ds3_102,infocus/ds3_102.tif,ifzsum/ds3_102.tif,abnormal,132,train,train,val,test,train,train,val,train,test,val,test,train,train,train,val,train,train,train,val,test,test,train,train,train,train
ds3_103,infocus/ds3_103.tif,ifzsum/ds3_103.tif,normal,138,val,train,train,train,test,test,val,train,train,train,test,train,train,train,val,train,train,train,test,train,train,test,train,val,val
ds3_104,infocus/ds3_104.tif,ifzsum/ds3_104.tif,abnormal,129,test,train,train,train,val,train,train,train,test,val,val,train,train,train,test,train,test,train,train,train,train,train,test,train,train
ds3_105,infocus/ds3_105.tif,ifzsum/ds3_105.tif,abnormal,140,train,val,val,test,train,train,train,test,train,train,train,train,test,train,train,train,test,train,train,train,train,test,train,val,train
ds3_106,infocus/ds3_106.tif,ifzsum/ds3_106.tif,abnormal,147,train,test,train,train,val,train,test,train,train,train,train,train,test,train,train,train,val,test,train,val,train,train,test,val,val
ds3_107,infocus/ds3_107.tif,ifzsum/ds3_107.tif,normal,135,train,train,test,val,train,train,train,train,val,test,train,train,train,test,train,train,train,test,val,train,train,train,train,val,test
ds3_108,infocus/ds3_108.tif,ifzsum/ds3_108.tif,normal,124,train,train,val,test,train,train,test,train,train,train,train,test,train,train,train,val,test,train,train,train,val,val,test,train,train
ds3_109,infocus/ds3_109.tif,ifzsum/ds3_109.tif,normal,140,train,test,train,train,train,train,train,val,train,test,train,train,train,train,test,train,test,train,val,val,test,train,train,train,train
ds3_110,infocus/ds3_110.tif,ifzsum/ds3_110.tif,abnormal,142,train,train,test,train,val,val,train,test,train,val,val,train,test,train,train,test,train,train,train,train,val,val,val,test,train
ds3_111,infocus/ds3_111.tif,ifzsum/ds3_111.tif,abnormal,138,train,test,train,train,train,train,train,train,test,train,test,train,val,train,val,test,train,val,train,train,test,train,train,val,val
ds3_112,infocus/ds3_112.tif,ifzsum/ds3_112.tif,abnormal,127,val,train,train,train,test,val,test,train,train,train,train,test,train,train,train,train,train,train,test,train,train,train,train,test,val
ds3_113,infocus/ds3_113.tif,ifzsum/ds3_113.tif,abnormal,140,val,train,train,test,train,test,train,train,val,train,test,train,train,train,train,train,val,train,test,train,test,train,train,train,train
ds3_114,infocus/ds3_114.tif,ifzsum/ds3_114.tif,abnormal,135,train,train,train,test,val,train,test,train,train,val,train,val,test,train,val,train,train,val,test,train,train,test,train,train,train
ds3_115,infocus/ds3_115.tif,ifzsum/ds3_115.tif,abnormal,131,train,train,train,test,train,train,test,train,val,train,test,val,train,train,train,train,val,train,train,test,val,test,train,val,train
ds3_116,infocus/ds3_116.tif,ifzsum/ds3_116.tif,abnormal,139,train,train,train,test,train,train,train,train,test,train,train,train,train,train,test,test,train,train,train,train,val,train,test,train,train
ds3_117,infocus/ds3_117.tif,ifzsum/ds3_117.tif,abnormal,133,test,val,train,train,val,train,train,train,train,test,train,test,train,train,train,test,train,train,train,train,train,train,train,test,train
ds3_118,infocus/ds3_118.tif,ifzsum/ds3_118.tif,abnormal,140,test,val,val,train,train,train,train,train,test,train,train,train,test,val,train,train,val,test,train,train,train,val,train,test,train
ds3_119,infocus/ds3_119.tif,ifzsum/ds3_119.tif,abnormal,147,test,train,val,train,train,train,train,val,train,test,train,train,val,test,train,train,train,train,test,train,train,train,train,train,test
ds3_120,infocus/ds3_120.tif,ifzsum/ds3_120.tif,abnormal,139,train,val,val,test,val,test,val,train,val,train,val,test,val,train,train,test,val,train,train,train,train,test,train,train,train
ds3_121,infocus/ds3_121.tif,ifzsum/ds3_121.tif,abnormal,140,train,train,train,test,val,val,test,val,train,val,val,train,test,train,train,train,train,train,test,train,train,val,test,val,train
ds3_122,infocus/ds3_122.tif,ifzsum/ds3_122.tif,abnormal,133,train,test,train,train,train,train,train,train,test,train,train,train,train,test,train,train,train,train,train,test,train,test,train,train,train
ds3_123,infocus/ds3_123.tif,ifzsum/ds3_123.tif,normal,149,test,train,train,train,train,val,train,train,train,test,train,val,train,test,train,val,test,train,train,train,train,val,test,train,train
ds3_124,infocus/ds3_124.tif,ifzsum/ds3_124.tif,abnormal,123,val,train,train,test,train,test,train,train,train,train,train,train,train,test,train,test,train,train,val,train,train,train,train,test,train
ds3_125,infocus/ds3_125.tif,ifzsum/ds3_125.tif,abnormal,126,val,test,train,val,train,train,test,train,train,train,train,val,val,train,test,train,train,test,val,train,train,train,test,train,train
ds3_126,infocus/ds3_126.tif,ifzsum/ds3_126.tif,abnormal,150,test,train,val,train,train,train,train,train,val,test,val,train,train,test,train,test,train,train,train,val,train,train,train,test,train
ds3_127,infocus/ds3_127.tif,ifzsum/ds3_127.tif,abnormal,144,train,train,test,train,val,train,test,train,train,train,train,train,train,train,test,train,train,test,train,train,train,train,val,test,train
ds3_128,infocus/ds3_128.tif,ifzsum/ds3_128.tif,abnormal,140,val,test,val,train,train,train,train,train,train,test,train,train,test,train,train,train,train,test,train,train,train,train,val,train,test
ds3_129,infocus/ds3_129.tif,ifzsum/ds3_129.tif,abnormal,150,train,val,test,train,train,train,val,train,train,test,val,train,test,train,train,test,train,train,train,train,train,train,train,test,train
ds3_130,infocus/ds3_130.tif,ifzsum/ds3_130.tif,abnormal,118,train,train,train,test,train,train,train,test,train,train,train,train,train,train,test,test,train,train,train,train,train,train,val,test,train
ds3_131,infocus/ds3_131.tif,ifzsum/ds3_131.tif,normal,145,train,train,val,test,train,train,train,train,test,train,train,val,train,test,train,train,train,train,test,train,train,train,train,test,val
ds3_132,infocus/ds3_132.tif,ifzsum/ds3_132.tif,abnormal,132,train,test,train,train,val,train,train,val,val,test,train,val,train,train,test,train,test,train,train,train,test,train,train,train,train
ds3_133,infocus/ds3_133.tif,ifzsum/ds3_133.tif,normal,140,val,test,train,train,val,train,train,train,test,train,train,val,train,train,test,val,test,train,train,val,test,train,val,train,train
ds3_134,infocus/ds3_134.tif,ifzsum/ds3_134.tif,abnormal,130,train,train,train,train,test,train,test,val,val,val,val,train,test,val,train,train,train,test,train,train,train,test,train,train,train
ds3_135,infocus/ds3_135.tif,ifzsum/ds3_135.tif,abnormal,149,train,train,train,train,test,train,train,train,train,test,train,train,train,val,test,train,train,test,train,train,train,train,train,test,train
ds3_136,infocus/ds3_136.tif,ifzsum/ds3_136.tif,abnormal,137,val,train,train,test,train,train,train,train,train,test,test,val,val,train,train,train,train,test,train,train,test,train,train,val,train
ds3_137,infocus/ds3_137.tif,ifzsum/ds3_137.tif,normal,137,train,train,val,test,train,train,train,test,train,val,train,test,train,val,train,train,train,test,val,train,val,test,train,train,train
ds3_138,infocus/ds3_138.tif,ifzsum/ds3_138.tif,abnormal,140,test,train,train,train,train,train,train,train,val,test,train,train,train,train,test,test,train,train,train,val,train,train,val,train,test
ds3_139,infocus/ds3_139.tif,ifzsum/ds3_139.tif,abnormal,102,train,val,train,val,test,train,test,train,train,train,train,train,train,test,train,train,train,train,test,train,test,train,train,train,val
ds3_140,infocus/ds3_140.tif,ifzsum/ds3_140.tif,abnormal,142,test,train,train,train,train,train,test,train,train,train,train,test,train,train,val,val,train,train,train,test,val,train,train,train,test
ds3_141,infocus/ds3_141.tif,ifzsum/ds3_141.tif,abnormal,149,val,train,val,test,train,val,train,train,train,test,train,train,train,test,train,val,train,val,test,train,train,train,val,test,train
ds3_142,infocus/ds3_142.tif,ifzsum/ds3_142.tif,abnormal,144,train,train,train,test,train,train,test,train,train,train,val,test,train,train,train,val,train,test,train,train,train,train,train,train,test
ds3_143,infocus/ds3_143.tif,ifzsum/ds3_143.tif,abnormal,146,train,val,train,test,train,test,train,train,train,train,train,train,train,test,train,train,val,train,train,test,train,val,train,test,val
ds3_144,infocus/ds3_144.tif,ifzsum/ds3_144.tif,abnormal,131,val,test,val,train,val,train,test,train,train,train,val,train,test,train,train,val,train,train,train,test,train,test,train,val,train
ds3_145,infocus/ds3_145.tif,ifzsum/ds3_145.tif,abnormal,129,val,test,train,train,val,train,train,test,train,train,train,train,test,train,train,val,val,val,test,train,train,train,train,test,train
ds3_146,infocus/ds3_146.tif,ifzsum/ds3_146.tif,abnormal,148,test,train,val,train,train,train,test,train,train,train,test,train,train,train,val,train,train,test,train,train,test,train,train,val,train
ds3_147,infocus/ds3_147.tif,ifzsum/ds3_147.tif,normal,136,test,train,train,val,val,train,test,train,train,val,train,test,train,train,train,train,train,train,test,train,train,val,test,train,val
ds3_148,infocus/ds3_148.tif,ifzsum/ds3_148.tif,abnormal,141,test,train,val,train,train,train,val,train,test,train,train,test,train,train,train,train,test,train,train,val,train,train,val,train,test
ds3_149,infocus/ds3_149.tif,ifzsum/ds3_149.tif,abnormal,122,test,train,train,train,train,test,val,train,val,train,val,train,train,train,test,test,train,train,train,val,train,val,val,test,train
ds3_150,infocus/ds3_150.tif,ifzsum/ds3_150.tif,abnormal,140,train,train,test,train,train,train,test,train,train,train,train,train,val,train,test,val,val,val,test,train,train,val,val,train,test
ds3_151,infocus/ds3_151.tif,ifzsum/ds3_151.tif,abnormal,152,train,test,train,train,val,val,train,test,train,train,val,train,test,train,train,train,test,train,train,val,test,train,val,train,train
ds3_152,infocus/ds3_152.tif,ifzsum/ds3_152.tif,abnormal,87,train,train,test,train,val,test,train,train,train,train,train,train,train,train,test,train,train,train,test,train,train,train,test,train,train
ds3_153,infocus/ds3_153.tif,ifzsum/ds3_153.tif,abnormal,149,train,test,train,val,train,test,train,train,train,train,test,val,val,train,train,train,val,train,train,test,val,test,train,val,train
ds3_154,infocus/ds3_154.tif,ifzsum/ds3_154.tif,abnormal,141,val,train,test,train,train,train,val,train,train,test,test,train,val,train,train,train,val,train,train,test,train,train,test,train,train
ds3_155,infocus/ds3_155.tif,ifzsum/ds3_155.tif,abnormal,135,val,train,train,test,val,train,train,train,train,test,train,train,val,train,test,test,train,train,val,train,train,test,train,train,val
ds3_156,infocus/ds3_156.tif,ifzsum/ds3_156.tif,abnormal,141,train,train,train,test,train,train,train,train,test,train,train,val,train,test,train,train,val,test,val,train,test,val,train,val,val
ds3_157,infocus/ds3_157.tif,ifzsum/ds3_157.tif,abnormal,140,train,train,test,val,train,train,test,train,train,train,test,train,train,train,train,train,test,train,val,train,train,val,train,test,train
ds3_158,infocus/ds3_158.tif,ifzsum/ds3_158.tif,abnormal,152,train,test,val,train,val,train,train,test,train,train,train,val,train,train,test,train,test,val,train,train,val,val,test,train,train
ds3_159,infocus/ds3_159.tif,ifzsum/ds3_159.tif,abnormal,137,val,val,test,val,train,val,val,train,test,train,train,train,train,test,train,train,train,train,train,test,train,train,train,test,val
ds3_160,infocus/ds3_160.tif,ifzsum/ds3_160.tif,abnormal,140,train,train,train,test,val,train,train,val,test,train,train,test,train,train,val,train,val,test,train,train,test,train,val,train,train
ds3_161,infocus/ds3_161.tif,ifzsum/ds3_161.tif,abnormal,116,train,train,train,train,test,train,train,test,val,train,train,val,train,train,test,train,test,train,train,train,train,train,train,train,test
ds3_162,infocus/ds3_162.tif,ifzsum/ds3_162.tif,abnormal,133,train,train,val,train,test,train,train,train,test,train,train,test,train,train,train,test,train,train,train,train,test,train,val,train,train
ds3_163,infocus/ds3_163.tif,ifzsum/ds3_163.tif,abnormal,138,test,train,train,val,train,test,train,train,val,train,train,test,train,train,val,train,train,train,test,train,test,val,train,train,val
ds3_164,infocus/ds3_164.tif,ifzsum/ds3_164.tif,abnormal,134,train,val,val,train,test,test,train,val,train,train,train,test,train,train,val,train,train,train,train,test,train,train,train,train,test
ds3_165,infocus/ds3_165.tif,ifzsum/ds3_165.tif,normal,146,train,train,train,train,test,val,train,train,test,train,train,train,train,val,test,train,train,train,test,train,test,train,train,val,train
ds3_166,infocus/ds3_166.tif,ifzsum/ds3_166.tif,abnormal,135,val,train,test,train,train,val,train,train,test,train,train,train,train,train,test,test,train,val,train,train,train,train,test,train,val
ds3_167,infocus/ds3_167.tif,ifzsum/ds3_167.tif,abnormal,147,train,val,test,train,train,val,test,train,val,val,train,train,val,test,train,train,val,test,train,train,train,train,train,test,train
ds3_168,infocus/ds3_168.tif,ifzsum/ds3_168.tif,abnormal,108,train,train,train,train,test,train,test,train,train,train,train,test,train,train,train,test,train,train,train,val,train,train,train,test,val
ds3_169,infocus/ds3_169.tif,ifzsum/ds3_169.tif,abnormal,139,test,val,train,train,train,test,train,train,train,train,train,train,test,train,train,train,train,train,train,test,test,train,train,train,train
ds3_170,infocus/ds3_170.tif,ifzsum/ds3_170.tif,abnormal,140,train,train,train,test,val,train,train,test,train,val,train,val,train,train,test,val,test,train,train,train,train,train,train,train,test
ds3_171,infocus/ds3_171.tif,ifzsum/ds3_171.tif,abnormal,140,train,train,train,test,train,train,val,val,train,test,train,test,train,train,train,train,train,val,train,test,test,train,val,train,train
ds3_172,infocus/ds3_172.tif,ifzsum/ds3_172.tif,abnormal,135,train,test,train,train,train,val,train,train,val,test,train,train,train,test,train,train,train,test,val,val,test,train,train,train,train
ds3_173,infocus/ds3_173.tif,ifzsum/ds3_173.tif,abnormal,136,train,train,train,train,test,test,val,train,train,val,train,test,train,train,train,test,val,train,train,train,val,test,train,train,train
ds3_174,infocus/ds3_174.tif,ifzsum/ds3_174.tif,abnormal,132,train,test,train,train,train,train,train,test,train,train,train,train,train,test,val,train,train,val,test,train,train,val,train,train,test
ds3_175,infocus/ds3_175.tif,ifzsum/ds3_175.tif,normal,143,val,train,train,train,test,train,train,train,test,train,train,test,train,train,train,train,test,val,train,train,train,train,test,train,train
ds3_176,infocus/ds3_176.tif,ifzsum/ds3_176.tif,abnormal,141,test,train,train,train,train,train,val,train,test,train,test,train,val,val,train,train,val,val,test,train,train,train,val,train,test
ds3_177,infocus/ds3_177.tif,ifzsum/ds3_177.tif,abnormal,148,val,train,test,train,train,train,train,test,train,train,val,train,train,train,test,train,test,train,train,train,train,train,test,val,train
ds3_178,infocus/ds3_178.tif,ifzsum/ds3_178.tif,normal,136,test,train,train,train,train,train,test,train,train,train,train,test,val,train,train,train,train,train,test,train,train,test,val,train,train
ds3_179,infocus/ds3_179.tif,ifzsum/ds3_179.tif,abnormal,152,train,train,val,test,train,train,train,train,train,test,test,train,train,train,val,train,train,train,val,test,train,train,train,train,test
ds3_180,infocus/ds3_180.tif,ifzsum/ds3_180.tif,abnormal,127,train,test,train,train,train,train,train,test,train,val,test,train,train,train,train,train,val,train,test,train,val,val,test,train,train
ds3_181,infocus/ds3_181.tif,ifzsum/ds3_181.tif,abnormal,140,train,test,val,train,val,train,train,val,train,test,test,train,train,train,train,train,train,val,train,test,train,val,train,train,test
ds3_182,infocus/ds3_182.tif,ifzsum/ds3_182.tif,abnormal,149,train,train,train,val,test,test,train,val,train,train,train,test,train,train,train,val,train,test,val,train,test,val,train,train,train
ds3_183,infocus/ds3_183.tif,ifzsum/ds3_183.tif,abnormal,111,test,train,train,val,train,train,train,val,test,train,train,val,train,train,test,test,train,train,val,train,train,val,train,test,val
ds3_184,infocus/ds3_184.tif,ifzsum/ds3_184.tif,abnormal,139,train,test,train,val,val,test,train,val,train,val,train,test,train,val,train,test,train,train,train,train,val,train,val,train,test
ds3_185,infocus/ds3_185.tif,ifzsum/ds3_185.tif,normal,126,val,train,test,val,train,train,train,test,val,train,train,val,test,train,val,train,train,test,val,val,test,train,val,train,train
ds3_186,infocus/ds3_186.tif,ifzsum/ds3_186.tif,abnormal,140,val,test,train,train,train,test,train,train,train,train,val,train,train,test,train,train,train,val,test,train,train,train,train,test,val
ds3_187,infocus/ds3_187.tif,ifzsum/ds3_187.tif,normal,132,test,val,val,train,val,train,train,train,train,test,train,train,test,train,train,train,test,train,train,train,val,val,test,train,val
ds3_188,infocus/ds3_188.tif,ifzsum/ds3_188.tif,abnormal,151,train,test,train,train,train,test,train,train,train,train,test,train,train,train,train,val,test,val,train,train,train,train,test,train,train
ds3_189,infocus/ds3_189.tif,ifzsum/ds3_189.tif,abnormal,130,train,train,test,train,train,train,test,train,train,train,train,test,val,train,train,train,train,val,test,val,val,train,val,test,val
ds3_190,infocus/ds3_190.tif,ifzsum/ds3_190.tif,abnormal,145,train,test,train,train,train,train,train,train,train,test,train,train,train,val,test,train,val,train,train,test,val,train,val,test,val
ds3_191,infocus/ds3_191.tif,ifzsum/ds3_191.tif,abnormal,143,train,train,train,train,test,train,train,val,test,train,test,train,train,train,train,train,val,val,val,test,train,train,val,test,val
ds3_192,infocus/ds3_192.tif,ifzsum/ds3_192.tif,abnormal,145,train,test,train,train,val,test,train,train,train,val,train,test,train,train,val,val,test,train,train,train,val,train,train,test,val
ds3_193,infocus/ds3_193.tif,ifzsum/ds3_193.tif,abnormal,136,train,train,train,train,test,train,train,train,test,val,train,train,train,test,train,train,val,test,train,train,train,train,train,train,test
ds3_194,infocus/ds3_194.tif,ifzsum/ds3_194.tif,abnormal,138,train,train,test,val,val,train,test,train,val,train,train,train,train,train,test,val,train,train,train,test,train,train,train,train,test
ds3_195,infocus/ds3_195.tif,ifzsum/ds3_195.tif,abnormal,135,test,train,train,train,train,train,train,train,test,train,val,val,train,test,val,val,train,test,train,train,val,val,train,train,test
ds3_196,infocus/ds3_196.tif,ifzsum/ds3_196.tif,abnormal,130,train,train,test,train,val,train,train,val,test,val,train,train,test,train,val,train,test,val,train,train,test,train,train,train,train
ds3_197,infocus/ds3_197.tif,ifzsum/ds3_197.tif,abnormal,144,train,test,val,train,train,train,test,train,val,val,train,val,train,test,train,val,train,train,train,test,train,train,test,train,train
ds3_198,infocus/ds3_198.tif,ifzsum/ds3_198.tif,abnormal,149,val,train,test,train,train,train,train,train,train,test,train,train,train,test,train,train,train,train,test,train,train,train,val,test,train
ds3_199,infocus/ds3_199.tif,ifzsum/ds3_199.tif,abnormal,127,train,train,train,train,test,train,train,val,train,test,test,train,train,val,train,train,val,train,test,train,test,val,train,val,train
ds3_200,infocus/ds3_200.tif,ifzsum/ds3_200.tif,abnormal,126,train,val,val,test,train,test,train,val,val,train,train,train,train,train,test,train,train,test,train,train,train,val,test,train,train
ds3_201,infocus/ds3_201.tif,ifzsum/ds3_201.tif,normal,153,val,test,train,train,train,train,train,train,test,train,test,train,val,train,train,train,train,train,test,train,test,train,val,val,train
ds3_202,infocus/ds3_202.tif,ifzsum/ds3_202.tif,abnormal,132,train,train,train,train,test,test,train,train,val,train,train,train,train,test,val,train,train,test,train,train,test,val,train,train,train
ds3_203,infocus/ds3_203.tif,ifzsum/ds3_203.tif,abnormal,133,train,test,val,train,train,train,train,test,train,val,test,train,train,train,train,train,train,train,test,train,test,train,train,train,val
ds3_204,infocus/ds3_204.tif,ifzsum/ds3_204.tif,abnormal,148,train,train,train,test,val,test,train,val,train,train,train,train,val,val,test,train,train,val,train,test,val,train,test,train,train
ds3_205,infocus/ds3_205.tif,ifzsum/ds3_205.tif,abnormal,139,test,val,train,train,train,test,train,train,train,train,train,train,train,test,train,train,train,val,test,train,train,train,train,test,train
ds3_206,infocus/ds3_206.tif,ifzsum/ds3_206.tif,abnormal,144,val,test,train,val,val,val,train,val,train,test,test,train,train,train,train,train,train,train,train,test,train,val,test,train,train
ds3_207,infocus/ds3_207.tif,ifzsum/ds3_207.tif,normal,132,train,test,train,train,train,test,val,train,train,train,test,val,val,train,train,train,val,train,test,train,val,train,test,train,val
ds3_208,infocus/ds3_208.tif,ifzsum/ds3_208.tif,normal,125,train,train,test,train,train,train,train,train,train,test,test,train,train,train,train,train,train,train,test,train,train,test,train,train,val
ds3_209,infocus/ds3_209.tif,ifzsum/ds3_209.tif,abnormal,140,test,train,train,train,train,train,val,train,train,test,train,train,train,train,test,train,test,val,train,train,train,test,train,val,train
ds3_210,infocus/ds3_210.tif,ifzsum/ds3_210.tif,abnormal,138,test,train,train,train,val,train,train,train,test,val,test,val,train,train,train,test,train,train,train,train,test,train,train,train,val
ds3_211,infocus/ds3_211.tif,ifzsum/ds3_211.tif,abnormal,122,val,train,val,test,train,test,train,train,val,train,train,test,train,train,train,test,train,train,train,val,train,train,test,val,train
ds3_212,infocus/ds3_212.tif,ifzsum/ds3_212.tif,normal,131,train,val,test,train,train,train,test,val,train,train,train,train,test,val,train,train,train,train,test,train,train,train,train,val,test
ds3_213,infocus/ds3_213.tif,ifzsum/ds3_213.tif,abnormal,137,train,train,train,train,test,train,val,train,test,train,train,train,train,train,test,test,train,val,val,train,train,train,train,test,train
ds3_214,infocus/ds3_214.tif,ifzsum/ds3_214.tif,abnormal,142,train,train,train,test,train,train,val,test,train,train,train,train,train,test,train,test,train,val,train,val,train,train,test,train,train
ds3_215,infocus/ds3_215.tif,ifzsum/ds3_215.tif,abnormal,148,val,val,train,val,test,train,train,train,test,train,train,test,train,train,train,test,train,train,train,val,train,train,train,test,val
ds3_216,infocus/ds3_216.tif,ifzsum/ds3_216.tif,abnormal,140,train,train,train,train,test,test,train,train,train,train,train,test,val,train,train,train,test,val,train,train,train,test,train,train,train
ds3_217,infocus/ds3_217.tif,ifzsum/ds3_217.tif,abnormal,150,train,train,test,train,train,train,test,train,val,train,train,train,train,val,test,train,val,test,val,val,train,train,train,test,train
ds3_218,infocus/ds3_218.tif,ifzsum/ds3_218.tif,abnormal,150,test,train,val,train,train,train,test,val,train,train,train,train,test,train,train,train,test,train,train,train,val,train,test,train,train
ds3_219,infocus/ds3_219.tif,ifzsum/ds3_219.tif,abnormal,140,val,train,test,train,train,val,train,test,train,train,val,train,train,val,test,train,train,test,train,val,train,train,val,train,test
ds3_220,infocus/ds3_220.tif,ifzsum/ds3_220.tif,normal,129,val,train,val,train,test,train,test,val,val,val,train,train,train,test,train,train,train,train,test,train,val,test,train,val,train
ds3_221,infocus/ds3_221.tif,ifzsum/ds3_221.tif,abnormal,133,train,train,test,val,train,val,train,test,train,train,train,test,train,train,train,train,train,train,train,test,train,train,test,train,val
ds3_222,infocus/ds3_222.tif,ifzsum/ds3_222.tif,abnormal,149,train,train,train,train,test,train,train,train,train,test,train,test,train,train,train,test,train,train,train,train,train,train,train,test,train
ds3_223,infocus/ds3_223.tif,ifzsum/ds3_223.tif,abnormal,136,train,val,test,val,train,test,val,train,train,train,test,train,train,train,train,val,train,test,train,train,train,train,test,train,val
ds3_224,infocus/ds3_224.tif,ifzsum/ds3_224.tif,abnormal,134,train,train,val,test,train,train,val,test,val,train,val,test,train,train,train,train,train,test,val,val,val,val,train,train,test
ds3_225,infocus/ds3_225.tif,ifzsum/ds3_225.tif,abnormal,149,val,train,train,val,test,train,train,train,test,train,train,val,test,train,train,train,train,train,test,train,train,val,test,val,train
ds3_226,infocus/ds3_226.tif,ifzsum/ds3_226.tif,abnormal,148,train,train,train,train,test,train,test,train,train,val,train,test,val,train,val,test,train,train,train,train,val,train,test,train,train
ds3_227,infocus/ds3_227.tif,ifzsum/ds3_227.tif,abnormal,94,train,train,test,train,train,train,test,train,train,train,train,train,train,val,test,train,train,train,val,test,test,val,train,train,train
ds3_228,infocus/ds3_228.tif,ifzsum/ds3_228.tif,normal,136,train,train,train,train,test,train,test,train,val,val,train,val,train,test,train,test,train,val,train,train,train,train,train,test,val
ds3_229,infocus/ds3_229.tif,ifzsum/ds3_229.tif,abnormal,140,train,train,train,train,test,val,train,train,test,train,test,train,train,train,train,train,train,train,train,test,val,test,train,train,val
ds3_230,infocus/ds3_230.tif,ifzsum/ds3_230.tif,abnormal,139,train,train,train,train,test,val,test,train,train,train,val,test,train,train,train,train,train,train,test,train,train,train,test,val,train
ds3_231,infocus/ds3_231.tif,ifzsum/ds3_231.tif,abnormal,119,val,val,test,train,train,train,train,train,test,train,test,train,val,val,train,train,train,test,train,train,train,test,train,train,val
ds3_232,infocus/ds3_232.tif,ifzsum/ds3_232.tif,abnormal,119,val,val,test,train,train,val,train,test,train,train,train,test,train,train,val,val,train,train,test,train,train,val,train,val,test
ds3_233,infocus/ds3_233.tif,ifzsum/ds3_233.tif,abnormal,136,train,train,train,test,train,train,val,val,val,test,train,train,train,test,train,val,train,test,val,val,train,train,train,test,val
ds3_234,infocus/ds3_234.tif,ifzsum/ds3_234.tif,abnormal,129,val,test,train,train,train,val,val,train,train,test,train,val,test,train,train,test,train,val,train,train,train,val,val,test,train
ds3_235,infocus/ds3_235.tif,ifzsum/ds3_235.tif,abnormal,147,test,train,train,train,train,train,train,train,test,train,train,test,val,train,train,train,train,val,train,test,train,train,train,train,test
ds3_236,infocus/ds3_236.tif,ifzsum/ds3_236.tif,abnormal,150,train,train,test,train,train,val,val,test,val,train,train,train,train,test,train,train,val,test,val,train,val,test,train,train,train
ds3_237,infocus/ds3_237.tif,ifzsum/ds3_237.tif,abnormal,143,train,train,train,test,train,train,train,val,test,train,val,val,test,train,val,train,train,train,train,test,train,test,val,train,train
ds3_238,infocus/ds3_238.tif,ifzsum/ds3_238.tif,abnormal,135,test,train,train,train,train,train,val,test,train,train,train,test,train,val,train,train,train,test,train,train,test,train,val,train,train
ds3_239,infocus/ds3_239.tif,ifzsum/ds3_239.tif,normal,137,train,train,test,train,train,train,train,val,train,test,train,test,train,train,train,test,val,train,val,train,train,test,val,train,val
ds3_240,infocus/ds3_240.tif,ifzsum/ds3_240.tif,abnormal,139,train,train,train,test,val,train,test,val,train,train,val,train,test,train,train,train,train,test,train,train,test,train,train,train,train
ds3_241,infocus/ds3_241.tif,ifzsum/ds3_241.tif,abnormal,129,test,train,train,val,train,train,test,train,train,val,val,train,train,test,val,train,train,train,train,test,test,val,val,train,train
ds3_242,infocus/ds3_242.tif,ifzsum/ds3_242.tif,abnormal,140,test,train,train,val,train,train,test,train,val,train,train,train,train,test,train,val,test,train,val,val,train,train,test,train,train
ds3_243,infocus/ds3_243.tif,ifzsum/ds3_243.tif,abnormal,143,test,val,train,train,train,val,train,test,train,train,val,train,train,train,test,train,train,train,train,test,val,train,train,test,val
ds3_244,infocus/ds3_244.tif,ifzsum/ds3_244.tif,normal,131,test,train,train,val,train,train,train,test,train,train,train,train,val,train,test,test,val,val,train,val,train,train,test,train,train
ds3_245,infocus/ds3_245.tif,ifzsum/ds3_245.tif,abnormal,140,val,val,test,train,val,train,test,train,train,train,train,train,test,train,val,train,test,train,val,train,val,val,test,train,train
ds3_246,infocus/ds3_246.tif,ifzsum/ds3_246.tif,abnormal,133,test,train,val,train,train,test,train,train,train,val,test,train,train,train,train,train,train,train,train,test,train,train,test,train,train
ds3_247,infocus/ds3_247.tif,ifzsum/ds3_247.tif,abnormal,150,train,train,test,train,train,test,train,train,train,train,train,train,train,test,train,test,train,train,val,train,train,val,train,test,val
ds3_248,infocus/ds3_248.tif,ifzsum/ds3_248.tif,abnormal,140,test,train,train,train,val,train,val,val,val,test,train,train,test,train,train,train,test,train,train,train,val,val,test,train,train
ds3_249,infocus/ds3_249.tif,ifzsum/ds3_249.tif,abnormal,140,train,test,train,train,train,train,train,train,train,test,val,train,test,train,train,train,train,train,train,test,val,test,train,train,val
ds3_250,infocus/ds3_250.tif,ifzsum/ds3_250.tif,abnormal,134,val,train,test,train,train,val,val,val,test,val,train,val,test,train,train,test,train,train,val,train,test,train,val,train,train
ds3_251,infocus/ds3_251.tif,ifzsum/ds3_251.tif,abnormal,140,train,train,train,test,train,val,train,train,test,train,train,train,test,train,train,train,train,val,test,train,train,test,val,train,train
ds3_252,infocus/ds3_252.tif,ifzsum/ds3_252.tif,abnormal,104,train,train,train,train,test,train,test,train,train,train,train,val,train,train,test,train,train,train,val,test,train,test,train,train,train
ds3_253,infocus/ds3_253.tif,ifzsum/ds3_253.tif,abnormal,152,train,train,train,train,test,train,val,val,train,test,train,train,val,test,train,train,test,val,train,train,test,train,val,train,val
ds3_254,infocus/ds3_254.tif,ifzsum/ds3_254.tif,abnormal,149,val,train,test,train,train,test,train,train,train,train,train,train,test,train,train,val,val,train,val,test,train,train,val,train,test
ds3_255,infocus/ds3_255.tif,ifzsum/ds3_255.tif,abnormal,122,train,train,train,train,test,test,val,train,train,train,train,train,train,train,test,train,train,train,test,train,train,test,train,train,train
ds3_256,infocus/ds3_256.tif,ifzsum/ds3_256.tif,abnormal,139,train,train,train,train,test,train,train,val,train,test,train,val,test,val,train,train,train,train,test,val,val,train,train,test,val
ds3_257,infocus/ds3_257.tif,ifzsum/ds3_257.tif,normal,142,val,val,test,train,train,test,train,train,val,val,train,test,val,val,val,val,train,train,train,test,train,train,train,test,train
ds3_258,infocus/ds3_258.tif,ifzsum/ds3_258.tif,abnormal,142,val,train,test,train,train,train,train,test,train,train,train,train,train,test,train,train,train,train,test,train,train,train,train,test,train
ds3_259,infocus/ds3_259.tif,ifzsum/ds3_259.tif,abnormal,124,test,train,val,train,train,train,train,test,train,train,test,train,train,train,train,train,test,train,train,train,train,train,train,test,train
ds3_260,infocus/ds3_260.tif,ifzsum/ds3_260.tif,normal,137,train,train,val,train,test,train,train,train,test,train,test,train,train,train,train,test,val,train,train,train,train,train,test,train,train
ds3_261,infocus/ds3_261.tif,ifzsum/ds3_261.tif,abnormal,137,val,train,val,train,test,train,train,val,val,test,train,train,train,train,test,test,train,train,train,train,train,train,train,train,test
ds3_262,infocus/ds3_262.tif,ifzsum/ds3_262.tif,abnormal,140,train,val,train,val,test,test,train,train,train,train,train,test,train,val,train,test,train,train,train,val,train,test,train,train,train
ds3_263,infocus/ds3_263.tif,ifzsum/ds3_263.tif,abnormal,121,val,val,train,train,test,train,train,train,test,train,train,test,train,train,train,train,train,train,test,train,train,train,train,train,test
ds3_264,infocus/ds3_264.tif,ifzsum/ds3_264.tif,abnormal,136,train,test,train,train,train,test,train,val,train,train,val,train,train,train,test,train,test,train,train,train,train,test,val,train,train
ds3_265,infocus/ds3_265.tif,ifzsum/ds3_265.tif,abnormal,122,train,train,val,train,test,train,train,train,train,test,val,train,test,val,val,val,train,test,train,train,val,test,train,val,train
ds3_266,infocus/ds3_266.tif,ifzsum/ds3_266.tif,abnormal,128,train,train,train,train,test,train,test,train,train,train,train,train,train,val,test,train,val,train,test,train,test,train,val,train,val
ds3_267,infocus/ds3_267.tif,ifzsum/ds3_267.tif,abnormal,135,train,train,val,train,test,train,test,train,train,train,train,val,train,test,train,test,train,train,train,train,test,train,train,val,train
ds3_268,infocus/ds3_268.tif,ifzsum/ds3_268.tif,normal,153,train,train,val,test,train,test,train,train,train,train,test,train,val,train,val,train,test,train,val,train,train,train,test,val,train
ds3_269,infocus/ds3_269.tif,ifzsum/ds3_269.tif,abnormal,147,train,train,test,train,train,train,train,test,train,val,train,test,val,train,train,train,val,test,train,train,val,train,test,train,train
ds3_270,infocus/ds3_270.tif,ifzsum/ds3_270.tif,normal,135,val,test,train,val,train,test,train,train,train,train,test,val,train,train,train,train,test,train,train,train,val,test,train,train,val
ds3_271,infocus/ds3_271.tif,ifzsum/ds3_271.tif,abnormal,145,train,test,train,train,val,train,test,train,train,train,train,train,val,val,test,train,train,test,train,train,train,test,train,train,train
ds3_272,infocus/ds3_272.tif,ifzsum/ds3_272.tif,abnormal,144,test,train,train,train,val,val,train,test,train,val,test,train,train,train,train,train,train,test,val,train,train,test,train,train,train
ds3_273,infocus/ds3_273.tif,ifzsum/ds3_273.tif,abnormal,140,train,test,train,train,train,train,val,test,train,train,train,train,train,val,test,train,train,train,test,train,train,val,train,test,train
ds3_274,infocus/ds3_274.tif,ifzsum/ds3_274.tif,abnormal,137,train,train,test,train,train,val,train,val,train,test,train,train,test,train,train,train,train,test,train,train,train,val,train,test,train
ds3_275,infocus/ds3_275.tif,ifzsum/ds3_275.tif,normal,139,test,train,train,train,train,train,train,val,train,test,train,train,train,val,test,val,train,train,val,test,train,test,train,val,train
ds3_276,infocus/ds3_276.tif,ifzsum/ds3_276.tif,abnormal,140,train,val,test,train,train,train,test,train,train,train,train,train,test,train,train,test,train,train,train,train,train,test,train,train,train
ds3_277,infocus/ds3_277.tif,ifzsum/ds3_277.tif,normal,140,test,val,val,val,train,train,train,train,test,train,train,train,test,train,train,test,train,val,train,train,test,train,val,train,train
ds3_278,infocus/ds3_278.tif,ifzsum/ds3_278.tif,normal,144,train,test,train,train,val,test,val,train,train,train,train,train,test,train,train,train,train,train,train,test,test,train,val,train,train
ds3_279,infocus/ds3_279.tif,ifzsum/ds3_279.tif,abnormal,123,test,train,train,train,train,train,train,train,test,train,train,test,train,train,train,train,train,train,train,test,test,train,train,val,val
ds3_280,infocus/ds3_280.tif,ifzsum/ds3_280.tif,abnormal,137,train,test,train,train,val,train,train,train,train,test,train,test,train,train,train,train,train,test,train,train,train,test,val,train,train
ds3_281,infocus/ds3_281.tif,ifzsum/ds3_281.tif,abnormal,150,train,train,train,val,test,train,test,train,train,val,train,train,test,train,val,train,val,train,val,test,val,train,train,train,test
ds3_282,infocus/ds3_282.tif,ifzsum/ds3_282.tif,abnormal,140,val,train,train,test,train,test,val,train,train,train,train,train,test,train,train,train,test,train,val,train,train,val,train,test,val
ds3_283,infocus/ds3_283.tif,ifzsum/ds3_283.tif,abnormal,137,test,train,train,train,train,train,train,train,test,train,train,train,test,val,train,train,val,train,train,test,val,train,train,test,val
ds3_284,infocus/ds3_284.tif,ifzsum/ds3_284.tif,abnormal,134,train,test,train,train,val,train,train,train,test,train,train,train,val,test,train,test,train,val,train,train,test,val,train,train,train
ds3_285,infocus/ds3_285.tif,ifzsum/ds3_285.tif,abnormal,143,train,val,train,train,test,train,train,train,test,val,train,val,test,train,train,val,test,val,train,val,test,val,train,val,train
ds3_286,infocus/ds3_286.tif,ifzsum/ds3_286.tif,abnormal,131,train,train,val,test,val,val,train,test,train,train,train,test,train,train,train,train,test,train,train,train,val,train,test,train,train
ds3_287,infocus/ds3_287.tif,ifzsum/ds3_287.tif,abnormal,138,train,train,test,train,train,train,val,train,train,test,train,train,train,val,test,test,train,train,val,train,val,train,test,val,train
ds3_288,infocus/ds3_288.tif,ifzsum/ds3_288.tif,abnormal,140,train,val,test,train,train,train,train,val,train,test,train,train,train,val,test,test,train,train,train,train,test,val,train,train,train
ds3_289,infocus/ds3_289.tif,ifzsum/ds3_289.tif,abnormal,130,val,train,train,test,train,train,test,val,train,train,train,val,test,train,val,train,train,test,train,train,train,test,val,train,train
ds3_290,infocus/ds3_290.tif,ifzsum/ds3_290.tif,normal,142,train,train,val,test,val,test,train,train,val,train,train,test,train,train,train,train,train,train,train,test,train,train,train,test,train
ds3_291,infocus/ds3_291.tif,ifzsum/ds3_291.tif,abnormal,133,test,val,train,val,train,test,val,val,train,train,train,train,train,test,train,train,val,train,val,test,val,train,train,train,test
ds3_292,infocus/ds3_292.tif,ifzsum/ds3_292.tif,normal,142,train,train,train,train,test,val,train,train,train,test,train,test,train,val,train,val,val,train,val,test,train,train,test,train,val
ds3_293,infocus/ds3_293.tif,ifzsum/ds3_293.tif,abnormal,133,val,val,train,train,test,train,val,test,train,train,train,train,train,test,train,train,test,val,val,train,train,test,train,train,train
ds3_294,infocus/ds3_294.tif,ifzsum/ds3_294.tif,abnormal,150,train,val,train,train,test,train,train,train,train,test,train,train,train,train,test,train,test,train,train,train,test,train,train,train,train
ds3_295,infocus/ds3_295.tif,ifzsum/ds3_295.tif,abnormal,140,train,train,val,val,test,train,train,train,val,test,train,val,train,train,test,train,train,test,train,train,train,train,train,test,train
ds3_296,infocus/ds3_296.tif,ifzsum/ds3_296.tif,normal,130,val,train,test,train,train,train,test,train,train,train,train,train,test,train,train,train,train,train,train,test,val,train,val,train,test
ds3_297,infocus/ds3_297.tif,ifzsum/ds3_297.tif,normal,143,val,train,train,test,val,train,train,test,train,train,train,train,train,test,train,test,train,train,train,train,train,train,test,val,train
ds3_298,infocus/ds3_298.tif,ifzsum/ds3_298.tif,abnormal,125,val,train,val,val,test,test,val,train,val,train,val,train,test,train,train,train,test,train,val,train,val,train,train,train,test
ds3_299,infocus/ds3_299.tif,ifzsum/ds3_299.tif,abnormal,140,train,test,train,train,train,train,train,train,train,test,test,val,train,train,train,train,test,train,train,train,val,train,train,test,train
ds3_300,infocus/ds3_300.tif,ifzsum/ds3_300.tif,normal,153,train,train,train,test,train,val,train,train,train,test,train,train,train,train,test,test,train,train,train,train,test,train,train,train,train
